"ID","t","DS"
"Prod-1","start","I"
"Prod-2","start","I"
"Prod-3","start","S"
"Prod-4","start","S"
"Prod-5","start","S"
"Prod-6","start","S"
"Prod-7","start","S"
"Prod-8","start","S"
"Prod-9","start","S"
"Prod-10","start","S"
"Prod-11","start","S"
"Prod-12","start","S"
"Prod-13","start","S"
"Prod-14","start","S"
"Prod-15","start","S"
"Prod-16","start","S"
"Prod-17","start","S"
"Prod-18","start","S"
"Prod-19","start","S"
"Prod-20","start","S"
"Prod-21","start","S"
"Prod-22","start","S"
"Prod-23","start","S"
"Prod-24","start","S"
"Prod-25","start","S"
"Prod-26","start","S"
"Prod-27","start","S"
"Prod-28","start","S"
"Prod-29","start","S"
"Prod-30","start","S"
"Prod-31","start","S"
"Prod-32","start","S"
"Prod-33","start","S"
"Prod-34","start","S"
"Prod-35","start","S"
"Prod-36","start","S"
"Prod-37","start","S"
"Prod-38","start","S"
"Prod-39","start","S"
"Prod-40","start","S"
"Prod-41","start","S"
"Prod-42","start","S"
"Prod-43","start","S"
"Prod-44","start","S"
"Prod-45","start","S"
"Prod-46","start","S"
"Prod-47","start","S"
"Prod-48","start","S"
"Prod-49","start","S"
"Prod-50","start","S"
"Prod-51","start","S"
"Prod-52","start","S"
"Prod-53","start","S"
"Prod-54","start","S"
"Prod-55","start","S"
"Prod-56","start","S"
"Prod-57","start","S"
"Prod-58","start","S"
"Prod-59","start","S"
"Prod-60","start","S"
"Prod-61","start","S"
"Prod-62","start","S"
"Prod-63","start","S"
"Prod-64","start","S"
"Prod-65","start","S"
"Prod-66","start","S"
"Prod-67","start","S"
"Prod-68","start","S"
"Prod-69","start","S"
"Prod-70","start","S"
"Prod-71","start","S"
"Prod-72","start","S"
"Prod-73","start","S"
"Prod-74","start","S"
"Prod-75","start","S"
"Prod-76","start","S"
"Prod-77","start","S"
"Prod-78","start","S"
"Prod-79","start","S"
"Prod-80","start","S"
"Prod-81","start","S"
"Prod-82","start","S"
"Prod-83","start","S"
"Prod-84","start","S"
"Prod-85","start","S"
"Prod-86","start","S"
"Prod-87","start","S"
"Prod-88","start","S"
"Prod-89","start","S"
"Prod-90","start","S"
"Prod-91","start","S"
"Prod-92","start","S"
"Prod-93","start","S"
"Prod-94","start","S"
"Prod-95","start","S"
"Prod-96","start","S"
"Prod-97","start","S"
"Prod-98","start","S"
"Prod-99","start","S"
"Prod-100","start","S"
"Prod-101","start","S"
"Prod-102","start","S"
"Prod-103","start","S"
"Prod-104","start","S"
"Prod-105","start","S"
"Prod-106","start","S"
"Prod-107","start","S"
"Prod-108","start","S"
"Prod-109","start","S"
"Prod-110","start","S"
"Prod-111","start","S"
"Prod-112","start","S"
"Prod-113","start","S"
"Prod-114","start","S"
"Prod-115","start","S"
"Prod-116","start","S"
"Prod-117","start","S"
"Prod-118","start","S"
"Prod-119","start","S"
"Prod-120","start","S"
"Prod-121","start","S"
"Prod-122","start","S"
"Prod-123","start","S"
"Prod-124","start","S"
"Prod-125","start","S"
"Prod-126","start","S"
"Prod-127","start","S"
"Prod-128","start","S"
"Prod-129","start","S"
"Prod-130","start","S"
"Prod-131","start","S"
"Prod-132","start","S"
"Prod-133","start","S"
"Prod-134","start","S"
"Prod-135","start","S"
"Prod-136","start","S"
"Prod-137","start","S"
"Prod-138","start","S"
"Prod-139","start","S"
"Prod-140","start","S"
"Prod-141","start","S"
"Prod-142","start","S"
"Prod-143","start","S"
"Prod-144","start","S"
"Prod-145","start","S"
"Prod-146","start","S"
"Prod-147","start","S"
"Prod-148","start","S"
"Prod-149","start","S"
"Prod-150","start","S"
"Prod-151","start","S"
"Prod-152","start","S"
"Prod-153","start","S"
"Prod-154","start","S"
"Prod-155","start","S"
"Prod-156","start","S"
"Prod-157","start","S"
"Prod-158","start","S"
"Prod-159","start","S"
"Prod-160","start","S"
"Prod-161","start","S"
"Prod-162","start","S"
"Prod-163","start","S"
"Prod-164","start","S"
"Prod-165","start","S"
"Prod-166","start","S"
"Prod-167","start","S"
"Prod-168","start","S"
"Prod-169","start","S"
"Prod-170","start","S"
"Prod-171","start","S"
"Prod-172","start","S"
"Prod-173","start","S"
"Prod-174","start","S"
"Prod-175","start","S"
"Prod-176","start","S"
"Prod-177","start","S"
"Prod-178","start","S"
"Prod-179","start","S"
"Prod-180","start","S"
"Prod-181","start","S"
"Prod-182","start","S"
"Prod-183","start","S"
"Prod-184","start","S"
"Prod-185","start","S"
"Prod-186","start","S"
"Prod-187","start","S"
"Prod-188","start","S"
"Prod-189","start","S"
"Prod-190","start","S"
"Prod-191","start","S"
"Prod-192","start","S"
"Prod-193","start","S"
"Prod-194","start","S"
"Prod-195","start","S"
"Prod-196","start","S"
"Prod-197","start","S"
"Prod-198","start","S"
"Prod-199","start","S"
"Prod-200","start","S"
"Prod-201","start","S"
"Prod-202","start","S"
"Prod-203","start","S"
"Prod-204","start","S"
"Prod-205","start","S"
"Prod-206","start","S"
"Prod-207","start","S"
"Prod-208","start","S"
"Prod-209","start","S"
"Prod-210","start","S"
"Prod-211","start","S"
"Prod-212","start","S"
"Prod-213","start","S"
"Prod-214","start","S"
"Prod-215","start","S"
"Prod-216","start","S"
"Prod-217","start","S"
"Prod-218","start","S"
"Prod-219","start","S"
"Prod-220","start","S"
"Prod-221","start","S"
"Prod-222","start","S"
"Prod-223","start","S"
"Prod-224","start","S"
"Prod-225","start","S"
"Prod-226","start","S"
"Prod-227","start","S"
"Prod-228","start","S"
"Prod-229","start","S"
"Prod-230","start","S"
"Prod-231","start","S"
"Prod-232","start","S"
"Prod-233","start","S"
"Prod-234","start","S"
"Prod-235","start","S"
"Prod-236","start","S"
"Prod-237","start","S"
"Prod-238","start","S"
"Prod-239","start","S"
"Prod-240","start","S"
"Prod-241","start","S"
"Prod-242","start","S"
"Prod-243","start","S"
"Prod-244","start","S"
"Prod-245","start","S"
"Prod-246","start","S"
"Prod-247","start","S"
"Prod-248","start","S"
"Prod-249","start","S"
"Prod-250","start","S"
"Prod-251","start","S"
"Prod-252","start","S"
"Prod-253","start","S"
"Prod-254","start","S"
"Prod-255","start","S"
"Prod-256","start","S"
"Prod-257","start","S"
"Prod-258","start","S"
"Prod-259","start","S"
"Prod-260","start","S"
"Prod-261","start","S"
"Prod-262","start","S"
"Prod-263","start","S"
"Prod-264","start","S"
"Prod-265","start","S"
"Prod-266","start","S"
"Prod-267","start","S"
"Prod-268","start","S"
"Prod-269","start","S"
"Prod-270","start","S"
"Prod-271","start","S"
"Prod-272","start","S"
"Prod-273","start","S"
"Prod-274","start","S"
"Prod-275","start","S"
"Prod-276","start","S"
"Prod-277","start","S"
"Prod-278","start","S"
"Prod-279","start","S"
"Prod-280","start","S"
"Prod-281","start","S"
"Prod-282","start","S"
"Prod-283","start","S"
"Prod-284","start","S"
"Prod-285","start","S"
"Prod-286","start","S"
"Prod-287","start","S"
"Prod-288","start","S"
"Prod-289","start","S"
"Prod-290","start","S"
"Prod-291","start","S"
"Prod-292","start","S"
"Prod-293","start","S"
"Prod-294","start","S"
"Prod-295","start","S"
"Prod-296","start","S"
"Prod-297","start","S"
"Prod-298","start","S"
"Prod-299","start","S"
"Prod-300","start","S"
"Prod-301","start","S"
"Prod-302","start","S"
"Prod-303","start","S"
"Prod-304","start","S"
"Prod-305","start","S"
"Prod-306","start","S"
"Prod-307","start","S"
"Prod-308","start","S"
"Prod-309","start","S"
"Prod-310","start","S"
"Prod-311","start","S"
"Prod-312","start","S"
"Prod-313","start","S"
"Prod-314","start","S"
"Prod-315","start","S"
"Prod-316","start","S"
"Prod-317","start","S"
"Prod-318","start","S"
"Prod-319","start","S"
"Prod-320","start","S"
"Prod-321","start","S"
"Prod-322","start","S"
"Prod-323","start","S"
"Prod-324","start","S"
"Prod-325","start","S"
"Prod-326","start","S"
"Prod-327","start","S"
"Prod-328","start","S"
"Prod-329","start","S"
"Prod-330","start","S"
"Prod-331","start","S"
"Prod-332","start","S"
"Prod-333","start","S"
"Prod-334","start","S"
"Prod-335","start","S"
"Prod-336","start","S"
"Prod-337","start","S"
"Prod-338","start","S"
"Prod-339","start","S"
"Prod-340","start","S"
"Prod-341","start","S"
"Prod-342","start","S"
"Prod-343","start","S"
"Prod-344","start","S"
"Prod-345","start","S"
"Prod-346","start","S"
"Prod-347","start","S"
"Prod-348","start","S"
"Prod-349","start","S"
"Prod-350","start","S"
"Prod-351","start","S"
"Prod-352","start","S"
"Prod-353","start","S"
"Prod-354","start","S"
"Prod-355","start","S"
"Prod-356","start","S"
"Prod-357","start","S"
"Prod-358","start","S"
"Prod-359","start","S"
"Prod-360","start","S"
"Prod-361","start","S"
"Prod-362","start","S"
"Prod-363","start","S"
"Prod-364","start","S"
"Prod-365","start","S"
"Prod-366","start","S"
"Prod-367","start","S"
"Prod-368","start","S"
"Prod-369","start","S"
"Prod-370","start","S"
"Prod-371","start","S"
"Prod-372","start","S"
"Prod-373","start","S"
"Prod-374","start","S"
"Prod-375","start","S"
"Prod-376","start","S"
"Prod-377","start","S"
"Prod-378","start","S"
"Prod-379","start","S"
"Prod-380","start","S"
"Prod-381","start","S"
"Prod-382","start","S"
"Prod-383","start","S"
"Prod-384","start","S"
"Prod-385","start","S"
"Prod-386","start","S"
"Prod-387","start","S"
"Prod-388","start","S"
"Prod-389","start","S"
"Prod-390","start","S"
"Prod-391","start","S"
"Prod-392","start","S"
"Prod-393","start","S"
"Prod-394","start","S"
"Prod-395","start","S"
"Prod-396","start","S"
"Prod-397","start","S"
"Prod-398","start","S"
"Prod-399","start","S"
"Prod-400","start","S"
"Prod-401","start","S"
"Prod-402","start","S"
"Prod-403","start","S"
"Prod-404","start","S"
"Prod-405","start","S"
"Prod-406","start","S"
"Prod-407","start","S"
"Prod-408","start","S"
"Prod-409","start","S"
"Prod-410","start","S"
"Prod-411","start","S"
"Prod-412","start","S"
"Prod-413","start","S"
"Prod-414","start","S"
"Prod-415","start","S"
"Prod-416","start","S"
"Prod-417","start","S"
"Prod-418","start","S"
"Prod-419","start","S"
"Prod-420","start","S"
"Prod-421","start","S"
"Prod-422","start","S"
"Prod-423","start","S"
"Prod-424","start","S"
"Prod-425","start","S"
"Prod-426","start","S"
"Prod-427","start","S"
"Prod-428","start","S"
"Prod-429","start","S"
"Prod-430","start","S"
"Prod-431","start","S"
"Prod-432","start","S"
"Prod-433","start","S"
"Prod-434","start","S"
"Prod-435","start","S"
"Prod-436","start","S"
"Prod-437","start","S"
"Prod-438","start","S"
"Prod-439","start","S"
"Prod-440","start","S"
"Prod-441","start","S"
"Prod-442","start","S"
"Prod-443","start","S"
"Prod-444","start","S"
"Prod-445","start","S"
"Prod-446","start","S"
"Prod-447","start","S"
"Prod-448","start","S"
"Prod-449","start","S"
"Prod-450","start","S"
"Prod-451","start","S"
"Prod-452","start","S"
"Prod-453","start","S"
"Prod-454","start","S"
"Prod-455","start","S"
"Prod-456","start","S"
"Prod-457","start","S"
"Prod-458","start","S"
"Prod-459","start","S"
"Prod-460","start","S"
"Prod-461","start","S"
"Prod-462","start","S"
"Prod-463","start","S"
"Prod-464","start","S"
"Prod-465","start","S"
"Prod-466","start","S"
"Prod-467","start","S"
"Prod-468","start","S"
"Prod-469","start","S"
"Prod-470","start","S"
"Prod-471","start","S"
"Prod-472","start","S"
"Prod-473","start","S"
"Prod-474","start","S"
"Prod-475","start","S"
"Prod-476","start","S"
"Prod-477","start","S"
"Prod-478","start","S"
"Prod-479","start","S"
"Prod-480","start","S"
"Prod-481","start","S"
"Prod-482","start","S"
"Prod-483","start","S"
"Prod-484","start","S"
"Prod-485","start","S"
"Prod-486","start","S"
"Prod-487","start","S"
"Prod-488","start","S"
"Prod-489","start","S"
"Prod-490","start","S"
"Prod-491","start","S"
"Prod-492","start","S"
"Prod-493","start","S"
"Prod-494","start","S"
"Prod-495","start","S"
"Prod-496","start","S"
"Prod-497","start","S"
"Prod-498","start","S"
"Prod-499","start","S"
"Prod-500","start","S"
"Prod-501","start","S"
"Prod-502","start","S"
"Prod-503","start","S"
"Prod-504","start","S"
"Prod-505","start","S"
"Prod-506","start","S"
"Prod-507","start","S"
"Prod-508","start","S"
"Prod-509","start","S"
"Prod-510","start","S"
"Prod-511","start","S"
"Prod-512","start","S"
"Prod-513","start","S"
"Prod-514","start","S"
"Prod-515","start","S"
"Prod-516","start","S"
"Prod-517","start","S"
"Prod-518","start","S"
"Prod-519","start","S"
"Prod-520","start","S"
"Prod-521","start","S"
"Prod-522","start","S"
"Prod-523","start","S"
"Prod-524","start","S"
"Prod-525","start","S"
"Prod-526","start","S"
"Prod-527","start","S"
"Prod-528","start","S"
"Prod-529","start","S"
"Prod-530","start","S"
"Prod-531","start","S"
"Prod-532","start","S"
"Prod-533","start","S"
"Prod-534","start","S"
"Prod-535","start","S"
"Prod-536","start","S"
"Prod-537","start","S"
"Prod-538","start","S"
"Prod-539","start","S"
"Prod-540","start","S"
"Prod-541","start","S"
"Prod-542","start","S"
"Prod-543","start","S"
"Prod-544","start","S"
"Prod-545","start","S"
"Prod-546","start","S"
"Prod-547","start","S"
"Prod-548","start","S"
"Prod-549","start","S"
"Prod-550","start","S"
"Prod-551","start","S"
"Prod-552","start","S"
"Prod-553","start","S"
"Prod-554","start","S"
"Prod-555","start","S"
"Prod-556","start","S"
"Prod-557","start","S"
"Prod-558","start","S"
"Prod-559","start","S"
"Prod-560","start","S"
"Prod-561","start","S"
"Prod-562","start","S"
"Prod-563","start","S"
"Prod-564","start","S"
"Prod-565","start","S"
"Prod-566","start","S"
"Prod-567","start","S"
"Prod-568","start","S"
"Prod-569","start","S"
"Prod-570","start","S"
"Prod-571","start","S"
"Prod-572","start","S"
"Prod-573","start","S"
"Prod-574","start","S"
"Prod-575","start","S"
"Prod-576","start","S"
"Prod-577","start","S"
"Prod-578","start","S"
"Prod-579","start","S"
"Prod-580","start","S"
"Prod-581","start","S"
"Prod-582","start","S"
"Prod-583","start","S"
"Prod-584","start","S"
"Prod-585","start","S"
"Prod-586","start","S"
"Prod-587","start","S"
"Prod-588","start","S"
"Prod-589","start","S"
"Prod-590","start","S"
"Prod-591","start","S"
"Prod-592","start","S"
"Prod-593","start","S"
"Prod-594","start","S"
"Prod-595","start","S"
"Prod-596","start","S"
"Prod-597","start","S"
"Prod-598","start","S"
"Prod-599","start","S"
"Prod-600","start","S"
