"name","x","y"
"Farm-1",178,177
"Farm-2",257,178
"Farm-3",187,81
"Farm-4",89,12
"Farm-5",82,100
"Farm-6",244,101
"Farm-7",118,176
"Farm-8",101,136
"Farm-9",110,201
"Farm-10",42,183
"Farm-11",142,168
"Farm-12",156,143
"Farm-13",216,122
"Farm-14",161,159
"Farm-15",32,99
"Farm-16",56,155
"Farm-17",65,28
"Farm-18",97,31
"Farm-19",67,81
"Farm-20",271,94
"Farm-21",30,204
"Farm-22",196,36
"Farm-23",107,158
"Farm-24",12,133
"Farm-25",288,137
"Farm-26",191,209
"Farm-27",142,131
"Farm-28",17,95
"Farm-29",294,75
"Farm-30",264,193
"Farm-31",65,119
"Farm-32",260,107
"Farm-33",25,58
"Farm-34",3,177
"Farm-35",194,177
"Farm-36",166,35
"Farm-37",171,148
"Farm-38",227,83
"Farm-39",269,134
"Farm-40",135,206
"Farm-41",35,161
"Farm-42",124,142
"Farm-43",75,66
"Farm-44",198,112
"Farm-45",186,100
"Farm-46",141,150
"Farm-47",86,81
"Farm-48",225,184
"Farm-49",31,19
"Farm-50",106,116
"Farm-51",10,203
"Farm-52",96,46
"Farm-53",295,55
"Farm-54",161,94
"Farm-55",30,74
"Farm-56",271,8
"Farm-57",123,29
"Farm-58",112,88
"Farm-59",5,48
"Farm-60",147,71
"Farm-61",139,184
"Farm-62",150,11
"Farm-63",210,208
"Farm-64",80,143
"Farm-65",259,158
"Farm-66",289,116
"Farm-67",64,47
"Farm-68",204,18
"Farm-69",141,96
"Farm-70",272,29
"Farm-71",69,185
"Farm-72",0,65
"Farm-73",204,96
"Farm-74",94,201
"Farm-75",224,142
"Farm-76",83,37
"Farm-77",252,43
"Farm-78",49,26
"Farm-79",217,6
"Farm-80",224,19
"Farm-81",167,2
"Farm-82",250,207
"Farm-83",211,38
"Farm-84",236,127
"Farm-85",232,205
"Farm-86",296,158
"Farm-87",122,120
"Farm-88",123,75
"Farm-89",4,112
"Farm-90",91,185
"Farm-91",254,143
"Farm-92",278,150
"Farm-93",43,136
"Farm-94",162,68
"Farm-95",39,122
"Farm-96",8,154
"Farm-97",151,200
"Farm-98",47,208
"Farm-99",218,156
"Farm-100",160,178
"Farm-101",183,21
"Farm-102",112,10
"Farm-103",110,66
"Farm-104",241,15
"Farm-105",205,80
"Farm-106",209,188
"Farm-107",267,75
"Farm-108",165,109
"Farm-109",288,15
"Farm-110",45,54
"Farm-111",283,188
"Farm-112",203,134
"Farm-113",191,63
"Farm-114",151,32
"Farm-115",195,6
"Farm-116",169,190
"Farm-117",174,126
"Farm-118",247,85
"Farm-119",7,29
"Farm-120",54,91
"Farm-121",269,57
"Farm-122",71,12
"Farm-123",3,5
"Farm-124",119,49
"Farm-125",130,60
"Farm-126",47,72
"Farm-127",191,160
"Farm-128",224,104
"Farm-129",73,202
"Farm-130",222,50
"Farm-131",280,209
"Farm-132",49,108
"Farm-133",238,148
"Farm-134",23,174
"Farm-135",136,42
"Farm-136",80,170
"Farm-137",247,58
"Farm-138",173,54
"Farm-139",280,166
"Farm-140",216,68
"Farm-141",269,119
"Farm-142",236,34
"Farm-143",233,167
"Farm-144",258,15
"Farm-145",22,116
"Farm-146",59,2
"Farm-147",250,0
"Farm-148",190,192
"Farm-149",292,98
"Farm-150",34,1
"Farm-151",24,148
"Farm-152",147,55
"Farm-153",7,79
"Farm-154",298,34
"Farm-155",214,171
"Farm-156",36,38
"Farm-157",174,209
"Farm-158",188,145
"Farm-159",244,188
"Farm-160",126,193
"Farm-161",172,83
"Farm-162",98,100
"Farm-163",72,155
"Farm-164",56,195
"Farm-165",231,1
"Farm-166",82,118
"Farm-167",58,174
"Farm-168",254,124
"Farm-169",99,171
"Farm-170",79,51
"Farm-171",93,61
"Farm-172",133,8
"Farm-173",139,114
"Farm-174",181,39
"Farm-175",1,94
"Farm-176",300,207
"Farm-177",297,0
"Farm-178",18,7
"Farm-179",126,104
"Farm-180",233,69
"Farm-181",295,173
"Farm-182",281,45
"Farm-183",206,56
"Farm-184",125,161
"Farm-185",91,153
"Farm-186",67,99
"Farm-187",19,42
"Farm-188",158,125
"Farm-189",282,66
"Farm-190",19,190
"Farm-191",66,137
"Farm-192",164,17
"Farm-193",59,61
"Farm-194",189,127
"Farm-195",138,22
"Farm-196",300,191
"Farm-197",204,150
"Farm-198",28,132
"Farm-199",46,11
"Farm-200",300,128
