"name","value"
"G1-1->G1-2","exp(rate:ω)"
"G1-1->G2-1","exp(rate:ω)"
"G1-1->G2-2","exp(rate:sqrt(2)×ω)"
"G1-2->G1-1","exp(rate:ω)"
"G1-2->G1-3","exp(rate:ω)"
"G1-2->G2-1","exp(rate:sqrt(2)×ω)"
"G1-2->G2-2","exp(rate:ω)"
"G1-2->G2-3","exp(rate:sqrt(2)×ω)"
"G1-3->G1-2","exp(rate:ω)"
"G1-3->G1-4","exp(rate:ω)"
"G1-3->G2-2","exp(rate:sqrt(2)×ω)"
"G1-3->G2-3","exp(rate:ω)"
"G1-3->G2-4","exp(rate:sqrt(2)×ω)"
"G1-4->G1-3","exp(rate:ω)"
"G1-4->G1-5","exp(rate:ω)"
"G1-4->G2-3","exp(rate:sqrt(2)×ω)"
"G1-4->G2-4","exp(rate:ω)"
"G1-4->G2-5","exp(rate:sqrt(2)×ω)"
"G1-5->G1-4","exp(rate:ω)"
"G1-5->G1-6","exp(rate:ω)"
"G1-5->G2-4","exp(rate:sqrt(2)×ω)"
"G1-5->G2-5","exp(rate:ω)"
"G1-5->G2-6","exp(rate:sqrt(2)×ω)"
"G1-6->G1-5","exp(rate:ω)"
"G1-6->G1-7","exp(rate:ω)"
"G1-6->G2-5","exp(rate:sqrt(2)×ω)"
"G1-6->G2-6","exp(rate:ω)"
"G1-6->G2-7","exp(rate:sqrt(2)×ω)"
"G1-7->G1-6","exp(rate:ω)"
"G1-7->G1-8","exp(rate:ω)"
"G1-7->G2-6","exp(rate:sqrt(2)×ω)"
"G1-7->G2-7","exp(rate:ω)"
"G1-7->G2-8","exp(rate:sqrt(2)×ω)"
"G1-8->G1-7","exp(rate:ω)"
"G1-8->G1-9","exp(rate:ω)"
"G1-8->G2-7","exp(rate:sqrt(2)×ω)"
"G1-8->G2-8","exp(rate:ω)"
"G1-8->G2-9","exp(rate:sqrt(2)×ω)"
"G1-9->G1-8","exp(rate:ω)"
"G1-9->G1-10","exp(rate:ω)"
"G1-9->G2-8","exp(rate:sqrt(2)×ω)"
"G1-9->G2-9","exp(rate:ω)"
"G1-9->G2-10","exp(rate:sqrt(2)×ω)"
"G1-10->G1-9","exp(rate:ω)"
"G1-10->G1-11","exp(rate:ω)"
"G1-10->G2-9","exp(rate:sqrt(2)×ω)"
"G1-10->G2-10","exp(rate:ω)"
"G1-10->G2-11","exp(rate:sqrt(2)×ω)"
"G1-11->G1-10","exp(rate:ω)"
"G1-11->G1-12","exp(rate:ω)"
"G1-11->G2-10","exp(rate:sqrt(2)×ω)"
"G1-11->G2-11","exp(rate:ω)"
"G1-11->G2-12","exp(rate:sqrt(2)×ω)"
"G1-12->G1-11","exp(rate:ω)"
"G1-12->G1-13","exp(rate:ω)"
"G1-12->G2-11","exp(rate:sqrt(2)×ω)"
"G1-12->G2-12","exp(rate:ω)"
"G1-12->G2-13","exp(rate:sqrt(2)×ω)"
"G1-13->G1-12","exp(rate:ω)"
"G1-13->G1-14","exp(rate:ω)"
"G1-13->G2-12","exp(rate:sqrt(2)×ω)"
"G1-13->G2-13","exp(rate:ω)"
"G1-13->G2-14","exp(rate:sqrt(2)×ω)"
"G1-14->G1-13","exp(rate:ω)"
"G1-14->G1-15","exp(rate:ω)"
"G1-14->G2-13","exp(rate:sqrt(2)×ω)"
"G1-14->G2-14","exp(rate:ω)"
"G1-14->G2-15","exp(rate:sqrt(2)×ω)"
"G1-15->G1-14","exp(rate:ω)"
"G1-15->G1-16","exp(rate:ω)"
"G1-15->G2-14","exp(rate:sqrt(2)×ω)"
"G1-15->G2-15","exp(rate:ω)"
"G1-15->G2-16","exp(rate:sqrt(2)×ω)"
"G1-16->G1-15","exp(rate:ω)"
"G1-16->G1-17","exp(rate:ω)"
"G1-16->G2-15","exp(rate:sqrt(2)×ω)"
"G1-16->G2-16","exp(rate:ω)"
"G1-16->G2-17","exp(rate:sqrt(2)×ω)"
"G1-17->G1-16","exp(rate:ω)"
"G1-17->G1-18","exp(rate:ω)"
"G1-17->G2-16","exp(rate:sqrt(2)×ω)"
"G1-17->G2-17","exp(rate:ω)"
"G1-17->G2-18","exp(rate:sqrt(2)×ω)"
"G1-18->G1-17","exp(rate:ω)"
"G1-18->G1-19","exp(rate:ω)"
"G1-18->G2-17","exp(rate:sqrt(2)×ω)"
"G1-18->G2-18","exp(rate:ω)"
"G1-18->G2-19","exp(rate:sqrt(2)×ω)"
"G1-19->G1-18","exp(rate:ω)"
"G1-19->G1-20","exp(rate:ω)"
"G1-19->G2-18","exp(rate:sqrt(2)×ω)"
"G1-19->G2-19","exp(rate:ω)"
"G1-19->G2-20","exp(rate:sqrt(2)×ω)"
"G1-20->G1-19","exp(rate:ω)"
"G1-20->G2-19","exp(rate:sqrt(2)×ω)"
"G1-20->G2-20","exp(rate:ω)"
"G2-1->G1-1","exp(rate:ω)"
"G2-1->G1-2","exp(rate:sqrt(2)×ω)"
"G2-1->G2-2","exp(rate:ω)"
"G2-1->G3-1","exp(rate:ω)"
"G2-1->G3-2","exp(rate:sqrt(2)×ω)"
"G2-2->G1-1","exp(rate:sqrt(2)×ω)"
"G2-2->G1-2","exp(rate:ω)"
"G2-2->G1-3","exp(rate:sqrt(2)×ω)"
"G2-2->G2-1","exp(rate:ω)"
"G2-2->G2-3","exp(rate:ω)"
"G2-2->G3-1","exp(rate:sqrt(2)×ω)"
"G2-2->G3-2","exp(rate:ω)"
"G2-2->G3-3","exp(rate:sqrt(2)×ω)"
"G2-3->G1-2","exp(rate:sqrt(2)×ω)"
"G2-3->G1-3","exp(rate:ω)"
"G2-3->G1-4","exp(rate:sqrt(2)×ω)"
"G2-3->G2-2","exp(rate:ω)"
"G2-3->G2-4","exp(rate:ω)"
"G2-3->G3-2","exp(rate:sqrt(2)×ω)"
"G2-3->G3-3","exp(rate:ω)"
"G2-3->G3-4","exp(rate:sqrt(2)×ω)"
"G2-4->G1-3","exp(rate:sqrt(2)×ω)"
"G2-4->G1-4","exp(rate:ω)"
"G2-4->G1-5","exp(rate:sqrt(2)×ω)"
"G2-4->G2-3","exp(rate:ω)"
"G2-4->G2-5","exp(rate:ω)"
"G2-4->G3-3","exp(rate:sqrt(2)×ω)"
"G2-4->G3-4","exp(rate:ω)"
"G2-4->G3-5","exp(rate:sqrt(2)×ω)"
"G2-5->G1-4","exp(rate:sqrt(2)×ω)"
"G2-5->G1-5","exp(rate:ω)"
"G2-5->G1-6","exp(rate:sqrt(2)×ω)"
"G2-5->G2-4","exp(rate:ω)"
"G2-5->G2-6","exp(rate:ω)"
"G2-5->G3-4","exp(rate:sqrt(2)×ω)"
"G2-5->G3-5","exp(rate:ω)"
"G2-5->G3-6","exp(rate:sqrt(2)×ω)"
"G2-6->G1-5","exp(rate:sqrt(2)×ω)"
"G2-6->G1-6","exp(rate:ω)"
"G2-6->G1-7","exp(rate:sqrt(2)×ω)"
"G2-6->G2-5","exp(rate:ω)"
"G2-6->G2-7","exp(rate:ω)"
"G2-6->G3-5","exp(rate:sqrt(2)×ω)"
"G2-6->G3-6","exp(rate:ω)"
"G2-6->G3-7","exp(rate:sqrt(2)×ω)"
"G2-7->G1-6","exp(rate:sqrt(2)×ω)"
"G2-7->G1-7","exp(rate:ω)"
"G2-7->G1-8","exp(rate:sqrt(2)×ω)"
"G2-7->G2-6","exp(rate:ω)"
"G2-7->G2-8","exp(rate:ω)"
"G2-7->G3-6","exp(rate:sqrt(2)×ω)"
"G2-7->G3-7","exp(rate:ω)"
"G2-7->G3-8","exp(rate:sqrt(2)×ω)"
"G2-8->G1-7","exp(rate:sqrt(2)×ω)"
"G2-8->G1-8","exp(rate:ω)"
"G2-8->G1-9","exp(rate:sqrt(2)×ω)"
"G2-8->G2-7","exp(rate:ω)"
"G2-8->G2-9","exp(rate:ω)"
"G2-8->G3-7","exp(rate:sqrt(2)×ω)"
"G2-8->G3-8","exp(rate:ω)"
"G2-8->G3-9","exp(rate:sqrt(2)×ω)"
"G2-9->G1-8","exp(rate:sqrt(2)×ω)"
"G2-9->G1-9","exp(rate:ω)"
"G2-9->G1-10","exp(rate:sqrt(2)×ω)"
"G2-9->G2-8","exp(rate:ω)"
"G2-9->G2-10","exp(rate:ω)"
"G2-9->G3-8","exp(rate:sqrt(2)×ω)"
"G2-9->G3-9","exp(rate:ω)"
"G2-9->G3-10","exp(rate:sqrt(2)×ω)"
"G2-10->G1-9","exp(rate:sqrt(2)×ω)"
"G2-10->G1-10","exp(rate:ω)"
"G2-10->G1-11","exp(rate:sqrt(2)×ω)"
"G2-10->G2-9","exp(rate:ω)"
"G2-10->G2-11","exp(rate:ω)"
"G2-10->G3-9","exp(rate:sqrt(2)×ω)"
"G2-10->G3-10","exp(rate:ω)"
"G2-10->G3-11","exp(rate:sqrt(2)×ω)"
"G2-11->G1-10","exp(rate:sqrt(2)×ω)"
"G2-11->G1-11","exp(rate:ω)"
"G2-11->G1-12","exp(rate:sqrt(2)×ω)"
"G2-11->G2-10","exp(rate:ω)"
"G2-11->G2-12","exp(rate:ω)"
"G2-11->G3-10","exp(rate:sqrt(2)×ω)"
"G2-11->G3-11","exp(rate:ω)"
"G2-11->G3-12","exp(rate:sqrt(2)×ω)"
"G2-12->G1-11","exp(rate:sqrt(2)×ω)"
"G2-12->G1-12","exp(rate:ω)"
"G2-12->G1-13","exp(rate:sqrt(2)×ω)"
"G2-12->G2-11","exp(rate:ω)"
"G2-12->G2-13","exp(rate:ω)"
"G2-12->G3-11","exp(rate:sqrt(2)×ω)"
"G2-12->G3-12","exp(rate:ω)"
"G2-12->G3-13","exp(rate:sqrt(2)×ω)"
"G2-13->G1-12","exp(rate:sqrt(2)×ω)"
"G2-13->G1-13","exp(rate:ω)"
"G2-13->G1-14","exp(rate:sqrt(2)×ω)"
"G2-13->G2-12","exp(rate:ω)"
"G2-13->G2-14","exp(rate:ω)"
"G2-13->G3-12","exp(rate:sqrt(2)×ω)"
"G2-13->G3-13","exp(rate:ω)"
"G2-13->G3-14","exp(rate:sqrt(2)×ω)"
"G2-14->G1-13","exp(rate:sqrt(2)×ω)"
"G2-14->G1-14","exp(rate:ω)"
"G2-14->G1-15","exp(rate:sqrt(2)×ω)"
"G2-14->G2-13","exp(rate:ω)"
"G2-14->G2-15","exp(rate:ω)"
"G2-14->G3-13","exp(rate:sqrt(2)×ω)"
"G2-14->G3-14","exp(rate:ω)"
"G2-14->G3-15","exp(rate:sqrt(2)×ω)"
"G2-15->G1-14","exp(rate:sqrt(2)×ω)"
"G2-15->G1-15","exp(rate:ω)"
"G2-15->G1-16","exp(rate:sqrt(2)×ω)"
"G2-15->G2-14","exp(rate:ω)"
"G2-15->G2-16","exp(rate:ω)"
"G2-15->G3-14","exp(rate:sqrt(2)×ω)"
"G2-15->G3-15","exp(rate:ω)"
"G2-15->G3-16","exp(rate:sqrt(2)×ω)"
"G2-16->G1-15","exp(rate:sqrt(2)×ω)"
"G2-16->G1-16","exp(rate:ω)"
"G2-16->G1-17","exp(rate:sqrt(2)×ω)"
"G2-16->G2-15","exp(rate:ω)"
"G2-16->G2-17","exp(rate:ω)"
"G2-16->G3-15","exp(rate:sqrt(2)×ω)"
"G2-16->G3-16","exp(rate:ω)"
"G2-16->G3-17","exp(rate:sqrt(2)×ω)"
"G2-17->G1-16","exp(rate:sqrt(2)×ω)"
"G2-17->G1-17","exp(rate:ω)"
"G2-17->G1-18","exp(rate:sqrt(2)×ω)"
"G2-17->G2-16","exp(rate:ω)"
"G2-17->G2-18","exp(rate:ω)"
"G2-17->G3-16","exp(rate:sqrt(2)×ω)"
"G2-17->G3-17","exp(rate:ω)"
"G2-17->G3-18","exp(rate:sqrt(2)×ω)"
"G2-18->G1-17","exp(rate:sqrt(2)×ω)"
"G2-18->G1-18","exp(rate:ω)"
"G2-18->G1-19","exp(rate:sqrt(2)×ω)"
"G2-18->G2-17","exp(rate:ω)"
"G2-18->G2-19","exp(rate:ω)"
"G2-18->G3-17","exp(rate:sqrt(2)×ω)"
"G2-18->G3-18","exp(rate:ω)"
"G2-18->G3-19","exp(rate:sqrt(2)×ω)"
"G2-19->G1-18","exp(rate:sqrt(2)×ω)"
"G2-19->G1-19","exp(rate:ω)"
"G2-19->G1-20","exp(rate:sqrt(2)×ω)"
"G2-19->G2-18","exp(rate:ω)"
"G2-19->G2-20","exp(rate:ω)"
"G2-19->G3-18","exp(rate:sqrt(2)×ω)"
"G2-19->G3-19","exp(rate:ω)"
"G2-19->G3-20","exp(rate:sqrt(2)×ω)"
"G2-20->G1-19","exp(rate:sqrt(2)×ω)"
"G2-20->G1-20","exp(rate:ω)"
"G2-20->G2-19","exp(rate:ω)"
"G2-20->G3-19","exp(rate:sqrt(2)×ω)"
"G2-20->G3-20","exp(rate:ω)"
"G3-1->G2-1","exp(rate:ω)"
"G3-1->G2-2","exp(rate:sqrt(2)×ω)"
"G3-1->G3-2","exp(rate:ω)"
"G3-1->G4-1","exp(rate:ω)"
"G3-1->G4-2","exp(rate:sqrt(2)×ω)"
"G3-2->G2-1","exp(rate:sqrt(2)×ω)"
"G3-2->G2-2","exp(rate:ω)"
"G3-2->G2-3","exp(rate:sqrt(2)×ω)"
"G3-2->G3-1","exp(rate:ω)"
"G3-2->G3-3","exp(rate:ω)"
"G3-2->G4-1","exp(rate:sqrt(2)×ω)"
"G3-2->G4-2","exp(rate:ω)"
"G3-2->G4-3","exp(rate:sqrt(2)×ω)"
"G3-3->G2-2","exp(rate:sqrt(2)×ω)"
"G3-3->G2-3","exp(rate:ω)"
"G3-3->G2-4","exp(rate:sqrt(2)×ω)"
"G3-3->G3-2","exp(rate:ω)"
"G3-3->G3-4","exp(rate:ω)"
"G3-3->G4-2","exp(rate:sqrt(2)×ω)"
"G3-3->G4-3","exp(rate:ω)"
"G3-3->G4-4","exp(rate:sqrt(2)×ω)"
"G3-4->G2-3","exp(rate:sqrt(2)×ω)"
"G3-4->G2-4","exp(rate:ω)"
"G3-4->G2-5","exp(rate:sqrt(2)×ω)"
"G3-4->G3-3","exp(rate:ω)"
"G3-4->G3-5","exp(rate:ω)"
"G3-4->G4-3","exp(rate:sqrt(2)×ω)"
"G3-4->G4-4","exp(rate:ω)"
"G3-4->G4-5","exp(rate:sqrt(2)×ω)"
"G3-5->G2-4","exp(rate:sqrt(2)×ω)"
"G3-5->G2-5","exp(rate:ω)"
"G3-5->G2-6","exp(rate:sqrt(2)×ω)"
"G3-5->G3-4","exp(rate:ω)"
"G3-5->G3-6","exp(rate:ω)"
"G3-5->G4-4","exp(rate:sqrt(2)×ω)"
"G3-5->G4-5","exp(rate:ω)"
"G3-5->G4-6","exp(rate:sqrt(2)×ω)"
"G3-6->G2-5","exp(rate:sqrt(2)×ω)"
"G3-6->G2-6","exp(rate:ω)"
"G3-6->G2-7","exp(rate:sqrt(2)×ω)"
"G3-6->G3-5","exp(rate:ω)"
"G3-6->G3-7","exp(rate:ω)"
"G3-6->G4-5","exp(rate:sqrt(2)×ω)"
"G3-6->G4-6","exp(rate:ω)"
"G3-6->G4-7","exp(rate:sqrt(2)×ω)"
"G3-7->G2-6","exp(rate:sqrt(2)×ω)"
"G3-7->G2-7","exp(rate:ω)"
"G3-7->G2-8","exp(rate:sqrt(2)×ω)"
"G3-7->G3-6","exp(rate:ω)"
"G3-7->G3-8","exp(rate:ω)"
"G3-7->G4-6","exp(rate:sqrt(2)×ω)"
"G3-7->G4-7","exp(rate:ω)"
"G3-7->G4-8","exp(rate:sqrt(2)×ω)"
"G3-8->G2-7","exp(rate:sqrt(2)×ω)"
"G3-8->G2-8","exp(rate:ω)"
"G3-8->G2-9","exp(rate:sqrt(2)×ω)"
"G3-8->G3-7","exp(rate:ω)"
"G3-8->G3-9","exp(rate:ω)"
"G3-8->G4-7","exp(rate:sqrt(2)×ω)"
"G3-8->G4-8","exp(rate:ω)"
"G3-8->G4-9","exp(rate:sqrt(2)×ω)"
"G3-9->G2-8","exp(rate:sqrt(2)×ω)"
"G3-9->G2-9","exp(rate:ω)"
"G3-9->G2-10","exp(rate:sqrt(2)×ω)"
"G3-9->G3-8","exp(rate:ω)"
"G3-9->G3-10","exp(rate:ω)"
"G3-9->G4-8","exp(rate:sqrt(2)×ω)"
"G3-9->G4-9","exp(rate:ω)"
"G3-9->G4-10","exp(rate:sqrt(2)×ω)"
"G3-10->G2-9","exp(rate:sqrt(2)×ω)"
"G3-10->G2-10","exp(rate:ω)"
"G3-10->G2-11","exp(rate:sqrt(2)×ω)"
"G3-10->G3-9","exp(rate:ω)"
"G3-10->G3-11","exp(rate:ω)"
"G3-10->G4-9","exp(rate:sqrt(2)×ω)"
"G3-10->G4-10","exp(rate:ω)"
"G3-10->G4-11","exp(rate:sqrt(2)×ω)"
"G3-11->G2-10","exp(rate:sqrt(2)×ω)"
"G3-11->G2-11","exp(rate:ω)"
"G3-11->G2-12","exp(rate:sqrt(2)×ω)"
"G3-11->G3-10","exp(rate:ω)"
"G3-11->G3-12","exp(rate:ω)"
"G3-11->G4-10","exp(rate:sqrt(2)×ω)"
"G3-11->G4-11","exp(rate:ω)"
"G3-11->G4-12","exp(rate:sqrt(2)×ω)"
"G3-12->G2-11","exp(rate:sqrt(2)×ω)"
"G3-12->G2-12","exp(rate:ω)"
"G3-12->G2-13","exp(rate:sqrt(2)×ω)"
"G3-12->G3-11","exp(rate:ω)"
"G3-12->G3-13","exp(rate:ω)"
"G3-12->G4-11","exp(rate:sqrt(2)×ω)"
"G3-12->G4-12","exp(rate:ω)"
"G3-12->G4-13","exp(rate:sqrt(2)×ω)"
"G3-13->G2-12","exp(rate:sqrt(2)×ω)"
"G3-13->G2-13","exp(rate:ω)"
"G3-13->G2-14","exp(rate:sqrt(2)×ω)"
"G3-13->G3-12","exp(rate:ω)"
"G3-13->G3-14","exp(rate:ω)"
"G3-13->G4-12","exp(rate:sqrt(2)×ω)"
"G3-13->G4-13","exp(rate:ω)"
"G3-13->G4-14","exp(rate:sqrt(2)×ω)"
"G3-14->G2-13","exp(rate:sqrt(2)×ω)"
"G3-14->G2-14","exp(rate:ω)"
"G3-14->G2-15","exp(rate:sqrt(2)×ω)"
"G3-14->G3-13","exp(rate:ω)"
"G3-14->G3-15","exp(rate:ω)"
"G3-14->G4-13","exp(rate:sqrt(2)×ω)"
"G3-14->G4-14","exp(rate:ω)"
"G3-14->G4-15","exp(rate:sqrt(2)×ω)"
"G3-15->G2-14","exp(rate:sqrt(2)×ω)"
"G3-15->G2-15","exp(rate:ω)"
"G3-15->G2-16","exp(rate:sqrt(2)×ω)"
"G3-15->G3-14","exp(rate:ω)"
"G3-15->G3-16","exp(rate:ω)"
"G3-15->G4-14","exp(rate:sqrt(2)×ω)"
"G3-15->G4-15","exp(rate:ω)"
"G3-15->G4-16","exp(rate:sqrt(2)×ω)"
"G3-16->G2-15","exp(rate:sqrt(2)×ω)"
"G3-16->G2-16","exp(rate:ω)"
"G3-16->G2-17","exp(rate:sqrt(2)×ω)"
"G3-16->G3-15","exp(rate:ω)"
"G3-16->G3-17","exp(rate:ω)"
"G3-16->G4-15","exp(rate:sqrt(2)×ω)"
"G3-16->G4-16","exp(rate:ω)"
"G3-16->G4-17","exp(rate:sqrt(2)×ω)"
"G3-17->G2-16","exp(rate:sqrt(2)×ω)"
"G3-17->G2-17","exp(rate:ω)"
"G3-17->G2-18","exp(rate:sqrt(2)×ω)"
"G3-17->G3-16","exp(rate:ω)"
"G3-17->G3-18","exp(rate:ω)"
"G3-17->G4-16","exp(rate:sqrt(2)×ω)"
"G3-17->G4-17","exp(rate:ω)"
"G3-17->G4-18","exp(rate:sqrt(2)×ω)"
"G3-18->G2-17","exp(rate:sqrt(2)×ω)"
"G3-18->G2-18","exp(rate:ω)"
"G3-18->G2-19","exp(rate:sqrt(2)×ω)"
"G3-18->G3-17","exp(rate:ω)"
"G3-18->G3-19","exp(rate:ω)"
"G3-18->G4-17","exp(rate:sqrt(2)×ω)"
"G3-18->G4-18","exp(rate:ω)"
"G3-18->G4-19","exp(rate:sqrt(2)×ω)"
"G3-19->G2-18","exp(rate:sqrt(2)×ω)"
"G3-19->G2-19","exp(rate:ω)"
"G3-19->G2-20","exp(rate:sqrt(2)×ω)"
"G3-19->G3-18","exp(rate:ω)"
"G3-19->G3-20","exp(rate:ω)"
"G3-19->G4-18","exp(rate:sqrt(2)×ω)"
"G3-19->G4-19","exp(rate:ω)"
"G3-19->G4-20","exp(rate:sqrt(2)×ω)"
"G3-20->G2-19","exp(rate:sqrt(2)×ω)"
"G3-20->G2-20","exp(rate:ω)"
"G3-20->G3-19","exp(rate:ω)"
"G3-20->G4-19","exp(rate:sqrt(2)×ω)"
"G3-20->G4-20","exp(rate:ω)"
"G4-1->G3-1","exp(rate:ω)"
"G4-1->G3-2","exp(rate:sqrt(2)×ω)"
"G4-1->G4-2","exp(rate:ω)"
"G4-1->G5-1","exp(rate:ω)"
"G4-1->G5-2","exp(rate:sqrt(2)×ω)"
"G4-2->G3-1","exp(rate:sqrt(2)×ω)"
"G4-2->G3-2","exp(rate:ω)"
"G4-2->G3-3","exp(rate:sqrt(2)×ω)"
"G4-2->G4-1","exp(rate:ω)"
"G4-2->G4-3","exp(rate:ω)"
"G4-2->G5-1","exp(rate:sqrt(2)×ω)"
"G4-2->G5-2","exp(rate:ω)"
"G4-2->G5-3","exp(rate:sqrt(2)×ω)"
"G4-3->G3-2","exp(rate:sqrt(2)×ω)"
"G4-3->G3-3","exp(rate:ω)"
"G4-3->G3-4","exp(rate:sqrt(2)×ω)"
"G4-3->G4-2","exp(rate:ω)"
"G4-3->G4-4","exp(rate:ω)"
"G4-3->G5-2","exp(rate:sqrt(2)×ω)"
"G4-3->G5-3","exp(rate:ω)"
"G4-3->G5-4","exp(rate:sqrt(2)×ω)"
"G4-4->G3-3","exp(rate:sqrt(2)×ω)"
"G4-4->G3-4","exp(rate:ω)"
"G4-4->G3-5","exp(rate:sqrt(2)×ω)"
"G4-4->G4-3","exp(rate:ω)"
"G4-4->G4-5","exp(rate:ω)"
"G4-4->G5-3","exp(rate:sqrt(2)×ω)"
"G4-4->G5-4","exp(rate:ω)"
"G4-4->G5-5","exp(rate:sqrt(2)×ω)"
"G4-5->G3-4","exp(rate:sqrt(2)×ω)"
"G4-5->G3-5","exp(rate:ω)"
"G4-5->G3-6","exp(rate:sqrt(2)×ω)"
"G4-5->G4-4","exp(rate:ω)"
"G4-5->G4-6","exp(rate:ω)"
"G4-5->G5-4","exp(rate:sqrt(2)×ω)"
"G4-5->G5-5","exp(rate:ω)"
"G4-5->G5-6","exp(rate:sqrt(2)×ω)"
"G4-6->G3-5","exp(rate:sqrt(2)×ω)"
"G4-6->G3-6","exp(rate:ω)"
"G4-6->G3-7","exp(rate:sqrt(2)×ω)"
"G4-6->G4-5","exp(rate:ω)"
"G4-6->G4-7","exp(rate:ω)"
"G4-6->G5-5","exp(rate:sqrt(2)×ω)"
"G4-6->G5-6","exp(rate:ω)"
"G4-6->G5-7","exp(rate:sqrt(2)×ω)"
"G4-7->G3-6","exp(rate:sqrt(2)×ω)"
"G4-7->G3-7","exp(rate:ω)"
"G4-7->G3-8","exp(rate:sqrt(2)×ω)"
"G4-7->G4-6","exp(rate:ω)"
"G4-7->G4-8","exp(rate:ω)"
"G4-7->G5-6","exp(rate:sqrt(2)×ω)"
"G4-7->G5-7","exp(rate:ω)"
"G4-7->G5-8","exp(rate:sqrt(2)×ω)"
"G4-8->G3-7","exp(rate:sqrt(2)×ω)"
"G4-8->G3-8","exp(rate:ω)"
"G4-8->G3-9","exp(rate:sqrt(2)×ω)"
"G4-8->G4-7","exp(rate:ω)"
"G4-8->G4-9","exp(rate:ω)"
"G4-8->G5-7","exp(rate:sqrt(2)×ω)"
"G4-8->G5-8","exp(rate:ω)"
"G4-8->G5-9","exp(rate:sqrt(2)×ω)"
"G4-9->G3-8","exp(rate:sqrt(2)×ω)"
"G4-9->G3-9","exp(rate:ω)"
"G4-9->G3-10","exp(rate:sqrt(2)×ω)"
"G4-9->G4-8","exp(rate:ω)"
"G4-9->G4-10","exp(rate:ω)"
"G4-9->G5-8","exp(rate:sqrt(2)×ω)"
"G4-9->G5-9","exp(rate:ω)"
"G4-9->G5-10","exp(rate:sqrt(2)×ω)"
"G4-10->G3-9","exp(rate:sqrt(2)×ω)"
"G4-10->G3-10","exp(rate:ω)"
"G4-10->G3-11","exp(rate:sqrt(2)×ω)"
"G4-10->G4-9","exp(rate:ω)"
"G4-10->G4-11","exp(rate:ω)"
"G4-10->G5-9","exp(rate:sqrt(2)×ω)"
"G4-10->G5-10","exp(rate:ω)"
"G4-10->G5-11","exp(rate:sqrt(2)×ω)"
"G4-11->G3-10","exp(rate:sqrt(2)×ω)"
"G4-11->G3-11","exp(rate:ω)"
"G4-11->G3-12","exp(rate:sqrt(2)×ω)"
"G4-11->G4-10","exp(rate:ω)"
"G4-11->G4-12","exp(rate:ω)"
"G4-11->G5-10","exp(rate:sqrt(2)×ω)"
"G4-11->G5-11","exp(rate:ω)"
"G4-11->G5-12","exp(rate:sqrt(2)×ω)"
"G4-12->G3-11","exp(rate:sqrt(2)×ω)"
"G4-12->G3-12","exp(rate:ω)"
"G4-12->G3-13","exp(rate:sqrt(2)×ω)"
"G4-12->G4-11","exp(rate:ω)"
"G4-12->G4-13","exp(rate:ω)"
"G4-12->G5-11","exp(rate:sqrt(2)×ω)"
"G4-12->G5-12","exp(rate:ω)"
"G4-12->G5-13","exp(rate:sqrt(2)×ω)"
"G4-13->G3-12","exp(rate:sqrt(2)×ω)"
"G4-13->G3-13","exp(rate:ω)"
"G4-13->G3-14","exp(rate:sqrt(2)×ω)"
"G4-13->G4-12","exp(rate:ω)"
"G4-13->G4-14","exp(rate:ω)"
"G4-13->G5-12","exp(rate:sqrt(2)×ω)"
"G4-13->G5-13","exp(rate:ω)"
"G4-13->G5-14","exp(rate:sqrt(2)×ω)"
"G4-14->G3-13","exp(rate:sqrt(2)×ω)"
"G4-14->G3-14","exp(rate:ω)"
"G4-14->G3-15","exp(rate:sqrt(2)×ω)"
"G4-14->G4-13","exp(rate:ω)"
"G4-14->G4-15","exp(rate:ω)"
"G4-14->G5-13","exp(rate:sqrt(2)×ω)"
"G4-14->G5-14","exp(rate:ω)"
"G4-14->G5-15","exp(rate:sqrt(2)×ω)"
"G4-15->G3-14","exp(rate:sqrt(2)×ω)"
"G4-15->G3-15","exp(rate:ω)"
"G4-15->G3-16","exp(rate:sqrt(2)×ω)"
"G4-15->G4-14","exp(rate:ω)"
"G4-15->G4-16","exp(rate:ω)"
"G4-15->G5-14","exp(rate:sqrt(2)×ω)"
"G4-15->G5-15","exp(rate:ω)"
"G4-15->G5-16","exp(rate:sqrt(2)×ω)"
"G4-16->G3-15","exp(rate:sqrt(2)×ω)"
"G4-16->G3-16","exp(rate:ω)"
"G4-16->G3-17","exp(rate:sqrt(2)×ω)"
"G4-16->G4-15","exp(rate:ω)"
"G4-16->G4-17","exp(rate:ω)"
"G4-16->G5-15","exp(rate:sqrt(2)×ω)"
"G4-16->G5-16","exp(rate:ω)"
"G4-16->G5-17","exp(rate:sqrt(2)×ω)"
"G4-17->G3-16","exp(rate:sqrt(2)×ω)"
"G4-17->G3-17","exp(rate:ω)"
"G4-17->G3-18","exp(rate:sqrt(2)×ω)"
"G4-17->G4-16","exp(rate:ω)"
"G4-17->G4-18","exp(rate:ω)"
"G4-17->G5-16","exp(rate:sqrt(2)×ω)"
"G4-17->G5-17","exp(rate:ω)"
"G4-17->G5-18","exp(rate:sqrt(2)×ω)"
"G4-18->G3-17","exp(rate:sqrt(2)×ω)"
"G4-18->G3-18","exp(rate:ω)"
"G4-18->G3-19","exp(rate:sqrt(2)×ω)"
"G4-18->G4-17","exp(rate:ω)"
"G4-18->G4-19","exp(rate:ω)"
"G4-18->G5-17","exp(rate:sqrt(2)×ω)"
"G4-18->G5-18","exp(rate:ω)"
"G4-18->G5-19","exp(rate:sqrt(2)×ω)"
"G4-19->G3-18","exp(rate:sqrt(2)×ω)"
"G4-19->G3-19","exp(rate:ω)"
"G4-19->G3-20","exp(rate:sqrt(2)×ω)"
"G4-19->G4-18","exp(rate:ω)"
"G4-19->G4-20","exp(rate:ω)"
"G4-19->G5-18","exp(rate:sqrt(2)×ω)"
"G4-19->G5-19","exp(rate:ω)"
"G4-19->G5-20","exp(rate:sqrt(2)×ω)"
"G4-20->G3-19","exp(rate:sqrt(2)×ω)"
"G4-20->G3-20","exp(rate:ω)"
"G4-20->G4-19","exp(rate:ω)"
"G4-20->G5-19","exp(rate:sqrt(2)×ω)"
"G4-20->G5-20","exp(rate:ω)"
"G5-1->G4-1","exp(rate:ω)"
"G5-1->G4-2","exp(rate:sqrt(2)×ω)"
"G5-1->G5-2","exp(rate:ω)"
"G5-1->G6-1","exp(rate:ω)"
"G5-1->G6-2","exp(rate:sqrt(2)×ω)"
"G5-2->G4-1","exp(rate:sqrt(2)×ω)"
"G5-2->G4-2","exp(rate:ω)"
"G5-2->G4-3","exp(rate:sqrt(2)×ω)"
"G5-2->G5-1","exp(rate:ω)"
"G5-2->G5-3","exp(rate:ω)"
"G5-2->G6-1","exp(rate:sqrt(2)×ω)"
"G5-2->G6-2","exp(rate:ω)"
"G5-2->G6-3","exp(rate:sqrt(2)×ω)"
"G5-3->G4-2","exp(rate:sqrt(2)×ω)"
"G5-3->G4-3","exp(rate:ω)"
"G5-3->G4-4","exp(rate:sqrt(2)×ω)"
"G5-3->G5-2","exp(rate:ω)"
"G5-3->G5-4","exp(rate:ω)"
"G5-3->G6-2","exp(rate:sqrt(2)×ω)"
"G5-3->G6-3","exp(rate:ω)"
"G5-3->G6-4","exp(rate:sqrt(2)×ω)"
"G5-4->G4-3","exp(rate:sqrt(2)×ω)"
"G5-4->G4-4","exp(rate:ω)"
"G5-4->G4-5","exp(rate:sqrt(2)×ω)"
"G5-4->G5-3","exp(rate:ω)"
"G5-4->G5-5","exp(rate:ω)"
"G5-4->G6-3","exp(rate:sqrt(2)×ω)"
"G5-4->G6-4","exp(rate:ω)"
"G5-4->G6-5","exp(rate:sqrt(2)×ω)"
"G5-5->G4-4","exp(rate:sqrt(2)×ω)"
"G5-5->G4-5","exp(rate:ω)"
"G5-5->G4-6","exp(rate:sqrt(2)×ω)"
"G5-5->G5-4","exp(rate:ω)"
"G5-5->G5-6","exp(rate:ω)"
"G5-5->G6-4","exp(rate:sqrt(2)×ω)"
"G5-5->G6-5","exp(rate:ω)"
"G5-5->G6-6","exp(rate:sqrt(2)×ω)"
"G5-6->G4-5","exp(rate:sqrt(2)×ω)"
"G5-6->G4-6","exp(rate:ω)"
"G5-6->G4-7","exp(rate:sqrt(2)×ω)"
"G5-6->G5-5","exp(rate:ω)"
"G5-6->G5-7","exp(rate:ω)"
"G5-6->G6-5","exp(rate:sqrt(2)×ω)"
"G5-6->G6-6","exp(rate:ω)"
"G5-6->G6-7","exp(rate:sqrt(2)×ω)"
"G5-7->G4-6","exp(rate:sqrt(2)×ω)"
"G5-7->G4-7","exp(rate:ω)"
"G5-7->G4-8","exp(rate:sqrt(2)×ω)"
"G5-7->G5-6","exp(rate:ω)"
"G5-7->G5-8","exp(rate:ω)"
"G5-7->G6-6","exp(rate:sqrt(2)×ω)"
"G5-7->G6-7","exp(rate:ω)"
"G5-7->G6-8","exp(rate:sqrt(2)×ω)"
"G5-8->G4-7","exp(rate:sqrt(2)×ω)"
"G5-8->G4-8","exp(rate:ω)"
"G5-8->G4-9","exp(rate:sqrt(2)×ω)"
"G5-8->G5-7","exp(rate:ω)"
"G5-8->G5-9","exp(rate:ω)"
"G5-8->G6-7","exp(rate:sqrt(2)×ω)"
"G5-8->G6-8","exp(rate:ω)"
"G5-8->G6-9","exp(rate:sqrt(2)×ω)"
"G5-9->G4-8","exp(rate:sqrt(2)×ω)"
"G5-9->G4-9","exp(rate:ω)"
"G5-9->G4-10","exp(rate:sqrt(2)×ω)"
"G5-9->G5-8","exp(rate:ω)"
"G5-9->G5-10","exp(rate:ω)"
"G5-9->G6-8","exp(rate:sqrt(2)×ω)"
"G5-9->G6-9","exp(rate:ω)"
"G5-9->G6-10","exp(rate:sqrt(2)×ω)"
"G5-10->G4-9","exp(rate:sqrt(2)×ω)"
"G5-10->G4-10","exp(rate:ω)"
"G5-10->G4-11","exp(rate:sqrt(2)×ω)"
"G5-10->G5-9","exp(rate:ω)"
"G5-10->G5-11","exp(rate:ω)"
"G5-10->G6-9","exp(rate:sqrt(2)×ω)"
"G5-10->G6-10","exp(rate:ω)"
"G5-10->G6-11","exp(rate:sqrt(2)×ω)"
"G5-11->G4-10","exp(rate:sqrt(2)×ω)"
"G5-11->G4-11","exp(rate:ω)"
"G5-11->G4-12","exp(rate:sqrt(2)×ω)"
"G5-11->G5-10","exp(rate:ω)"
"G5-11->G5-12","exp(rate:ω)"
"G5-11->G6-10","exp(rate:sqrt(2)×ω)"
"G5-11->G6-11","exp(rate:ω)"
"G5-11->G6-12","exp(rate:sqrt(2)×ω)"
"G5-12->G4-11","exp(rate:sqrt(2)×ω)"
"G5-12->G4-12","exp(rate:ω)"
"G5-12->G4-13","exp(rate:sqrt(2)×ω)"
"G5-12->G5-11","exp(rate:ω)"
"G5-12->G5-13","exp(rate:ω)"
"G5-12->G6-11","exp(rate:sqrt(2)×ω)"
"G5-12->G6-12","exp(rate:ω)"
"G5-12->G6-13","exp(rate:sqrt(2)×ω)"
"G5-13->G4-12","exp(rate:sqrt(2)×ω)"
"G5-13->G4-13","exp(rate:ω)"
"G5-13->G4-14","exp(rate:sqrt(2)×ω)"
"G5-13->G5-12","exp(rate:ω)"
"G5-13->G5-14","exp(rate:ω)"
"G5-13->G6-12","exp(rate:sqrt(2)×ω)"
"G5-13->G6-13","exp(rate:ω)"
"G5-13->G6-14","exp(rate:sqrt(2)×ω)"
"G5-14->G4-13","exp(rate:sqrt(2)×ω)"
"G5-14->G4-14","exp(rate:ω)"
"G5-14->G4-15","exp(rate:sqrt(2)×ω)"
"G5-14->G5-13","exp(rate:ω)"
"G5-14->G5-15","exp(rate:ω)"
"G5-14->G6-13","exp(rate:sqrt(2)×ω)"
"G5-14->G6-14","exp(rate:ω)"
"G5-14->G6-15","exp(rate:sqrt(2)×ω)"
"G5-15->G4-14","exp(rate:sqrt(2)×ω)"
"G5-15->G4-15","exp(rate:ω)"
"G5-15->G4-16","exp(rate:sqrt(2)×ω)"
"G5-15->G5-14","exp(rate:ω)"
"G5-15->G5-16","exp(rate:ω)"
"G5-15->G6-14","exp(rate:sqrt(2)×ω)"
"G5-15->G6-15","exp(rate:ω)"
"G5-15->G6-16","exp(rate:sqrt(2)×ω)"
"G5-16->G4-15","exp(rate:sqrt(2)×ω)"
"G5-16->G4-16","exp(rate:ω)"
"G5-16->G4-17","exp(rate:sqrt(2)×ω)"
"G5-16->G5-15","exp(rate:ω)"
"G5-16->G5-17","exp(rate:ω)"
"G5-16->G6-15","exp(rate:sqrt(2)×ω)"
"G5-16->G6-16","exp(rate:ω)"
"G5-16->G6-17","exp(rate:sqrt(2)×ω)"
"G5-17->G4-16","exp(rate:sqrt(2)×ω)"
"G5-17->G4-17","exp(rate:ω)"
"G5-17->G4-18","exp(rate:sqrt(2)×ω)"
"G5-17->G5-16","exp(rate:ω)"
"G5-17->G5-18","exp(rate:ω)"
"G5-17->G6-16","exp(rate:sqrt(2)×ω)"
"G5-17->G6-17","exp(rate:ω)"
"G5-17->G6-18","exp(rate:sqrt(2)×ω)"
"G5-18->G4-17","exp(rate:sqrt(2)×ω)"
"G5-18->G4-18","exp(rate:ω)"
"G5-18->G4-19","exp(rate:sqrt(2)×ω)"
"G5-18->G5-17","exp(rate:ω)"
"G5-18->G5-19","exp(rate:ω)"
"G5-18->G6-17","exp(rate:sqrt(2)×ω)"
"G5-18->G6-18","exp(rate:ω)"
"G5-18->G6-19","exp(rate:sqrt(2)×ω)"
"G5-19->G4-18","exp(rate:sqrt(2)×ω)"
"G5-19->G4-19","exp(rate:ω)"
"G5-19->G4-20","exp(rate:sqrt(2)×ω)"
"G5-19->G5-18","exp(rate:ω)"
"G5-19->G5-20","exp(rate:ω)"
"G5-19->G6-18","exp(rate:sqrt(2)×ω)"
"G5-19->G6-19","exp(rate:ω)"
"G5-19->G6-20","exp(rate:sqrt(2)×ω)"
"G5-20->G4-19","exp(rate:sqrt(2)×ω)"
"G5-20->G4-20","exp(rate:ω)"
"G5-20->G5-19","exp(rate:ω)"
"G5-20->G6-19","exp(rate:sqrt(2)×ω)"
"G5-20->G6-20","exp(rate:ω)"
"G6-1->G5-1","exp(rate:ω)"
"G6-1->G5-2","exp(rate:sqrt(2)×ω)"
"G6-1->G6-2","exp(rate:ω)"
"G6-1->G7-1","exp(rate:ω)"
"G6-1->G7-2","exp(rate:sqrt(2)×ω)"
"G6-2->G5-1","exp(rate:sqrt(2)×ω)"
"G6-2->G5-2","exp(rate:ω)"
"G6-2->G5-3","exp(rate:sqrt(2)×ω)"
"G6-2->G6-1","exp(rate:ω)"
"G6-2->G6-3","exp(rate:ω)"
"G6-2->G7-1","exp(rate:sqrt(2)×ω)"
"G6-2->G7-2","exp(rate:ω)"
"G6-2->G7-3","exp(rate:sqrt(2)×ω)"
"G6-3->G5-2","exp(rate:sqrt(2)×ω)"
"G6-3->G5-3","exp(rate:ω)"
"G6-3->G5-4","exp(rate:sqrt(2)×ω)"
"G6-3->G6-2","exp(rate:ω)"
"G6-3->G6-4","exp(rate:ω)"
"G6-3->G7-2","exp(rate:sqrt(2)×ω)"
"G6-3->G7-3","exp(rate:ω)"
"G6-3->G7-4","exp(rate:sqrt(2)×ω)"
"G6-4->G5-3","exp(rate:sqrt(2)×ω)"
"G6-4->G5-4","exp(rate:ω)"
"G6-4->G5-5","exp(rate:sqrt(2)×ω)"
"G6-4->G6-3","exp(rate:ω)"
"G6-4->G6-5","exp(rate:ω)"
"G6-4->G7-3","exp(rate:sqrt(2)×ω)"
"G6-4->G7-4","exp(rate:ω)"
"G6-4->G7-5","exp(rate:sqrt(2)×ω)"
"G6-5->G5-4","exp(rate:sqrt(2)×ω)"
"G6-5->G5-5","exp(rate:ω)"
"G6-5->G5-6","exp(rate:sqrt(2)×ω)"
"G6-5->G6-4","exp(rate:ω)"
"G6-5->G6-6","exp(rate:ω)"
"G6-5->G7-4","exp(rate:sqrt(2)×ω)"
"G6-5->G7-5","exp(rate:ω)"
"G6-5->G7-6","exp(rate:sqrt(2)×ω)"
"G6-6->G5-5","exp(rate:sqrt(2)×ω)"
"G6-6->G5-6","exp(rate:ω)"
"G6-6->G5-7","exp(rate:sqrt(2)×ω)"
"G6-6->G6-5","exp(rate:ω)"
"G6-6->G6-7","exp(rate:ω)"
"G6-6->G7-5","exp(rate:sqrt(2)×ω)"
"G6-6->G7-6","exp(rate:ω)"
"G6-6->G7-7","exp(rate:sqrt(2)×ω)"
"G6-7->G5-6","exp(rate:sqrt(2)×ω)"
"G6-7->G5-7","exp(rate:ω)"
"G6-7->G5-8","exp(rate:sqrt(2)×ω)"
"G6-7->G6-6","exp(rate:ω)"
"G6-7->G6-8","exp(rate:ω)"
"G6-7->G7-6","exp(rate:sqrt(2)×ω)"
"G6-7->G7-7","exp(rate:ω)"
"G6-7->G7-8","exp(rate:sqrt(2)×ω)"
"G6-8->G5-7","exp(rate:sqrt(2)×ω)"
"G6-8->G5-8","exp(rate:ω)"
"G6-8->G5-9","exp(rate:sqrt(2)×ω)"
"G6-8->G6-7","exp(rate:ω)"
"G6-8->G6-9","exp(rate:ω)"
"G6-8->G7-7","exp(rate:sqrt(2)×ω)"
"G6-8->G7-8","exp(rate:ω)"
"G6-8->G7-9","exp(rate:sqrt(2)×ω)"
"G6-9->G5-8","exp(rate:sqrt(2)×ω)"
"G6-9->G5-9","exp(rate:ω)"
"G6-9->G5-10","exp(rate:sqrt(2)×ω)"
"G6-9->G6-8","exp(rate:ω)"
"G6-9->G6-10","exp(rate:ω)"
"G6-9->G7-8","exp(rate:sqrt(2)×ω)"
"G6-9->G7-9","exp(rate:ω)"
"G6-9->G7-10","exp(rate:sqrt(2)×ω)"
"G6-10->G5-9","exp(rate:sqrt(2)×ω)"
"G6-10->G5-10","exp(rate:ω)"
"G6-10->G5-11","exp(rate:sqrt(2)×ω)"
"G6-10->G6-9","exp(rate:ω)"
"G6-10->G6-11","exp(rate:ω)"
"G6-10->G7-9","exp(rate:sqrt(2)×ω)"
"G6-10->G7-10","exp(rate:ω)"
"G6-10->G7-11","exp(rate:sqrt(2)×ω)"
"G6-11->G5-10","exp(rate:sqrt(2)×ω)"
"G6-11->G5-11","exp(rate:ω)"
"G6-11->G5-12","exp(rate:sqrt(2)×ω)"
"G6-11->G6-10","exp(rate:ω)"
"G6-11->G6-12","exp(rate:ω)"
"G6-11->G7-10","exp(rate:sqrt(2)×ω)"
"G6-11->G7-11","exp(rate:ω)"
"G6-11->G7-12","exp(rate:sqrt(2)×ω)"
"G6-12->G5-11","exp(rate:sqrt(2)×ω)"
"G6-12->G5-12","exp(rate:ω)"
"G6-12->G5-13","exp(rate:sqrt(2)×ω)"
"G6-12->G6-11","exp(rate:ω)"
"G6-12->G6-13","exp(rate:ω)"
"G6-12->G7-11","exp(rate:sqrt(2)×ω)"
"G6-12->G7-12","exp(rate:ω)"
"G6-12->G7-13","exp(rate:sqrt(2)×ω)"
"G6-13->G5-12","exp(rate:sqrt(2)×ω)"
"G6-13->G5-13","exp(rate:ω)"
"G6-13->G5-14","exp(rate:sqrt(2)×ω)"
"G6-13->G6-12","exp(rate:ω)"
"G6-13->G6-14","exp(rate:ω)"
"G6-13->G7-12","exp(rate:sqrt(2)×ω)"
"G6-13->G7-13","exp(rate:ω)"
"G6-13->G7-14","exp(rate:sqrt(2)×ω)"
"G6-14->G5-13","exp(rate:sqrt(2)×ω)"
"G6-14->G5-14","exp(rate:ω)"
"G6-14->G5-15","exp(rate:sqrt(2)×ω)"
"G6-14->G6-13","exp(rate:ω)"
"G6-14->G6-15","exp(rate:ω)"
"G6-14->G7-13","exp(rate:sqrt(2)×ω)"
"G6-14->G7-14","exp(rate:ω)"
"G6-14->G7-15","exp(rate:sqrt(2)×ω)"
"G6-15->G5-14","exp(rate:sqrt(2)×ω)"
"G6-15->G5-15","exp(rate:ω)"
"G6-15->G5-16","exp(rate:sqrt(2)×ω)"
"G6-15->G6-14","exp(rate:ω)"
"G6-15->G6-16","exp(rate:ω)"
"G6-15->G7-14","exp(rate:sqrt(2)×ω)"
"G6-15->G7-15","exp(rate:ω)"
"G6-15->G7-16","exp(rate:sqrt(2)×ω)"
"G6-16->G5-15","exp(rate:sqrt(2)×ω)"
"G6-16->G5-16","exp(rate:ω)"
"G6-16->G5-17","exp(rate:sqrt(2)×ω)"
"G6-16->G6-15","exp(rate:ω)"
"G6-16->G6-17","exp(rate:ω)"
"G6-16->G7-15","exp(rate:sqrt(2)×ω)"
"G6-16->G7-16","exp(rate:ω)"
"G6-16->G7-17","exp(rate:sqrt(2)×ω)"
"G6-17->G5-16","exp(rate:sqrt(2)×ω)"
"G6-17->G5-17","exp(rate:ω)"
"G6-17->G5-18","exp(rate:sqrt(2)×ω)"
"G6-17->G6-16","exp(rate:ω)"
"G6-17->G6-18","exp(rate:ω)"
"G6-17->G7-16","exp(rate:sqrt(2)×ω)"
"G6-17->G7-17","exp(rate:ω)"
"G6-17->G7-18","exp(rate:sqrt(2)×ω)"
"G6-18->G5-17","exp(rate:sqrt(2)×ω)"
"G6-18->G5-18","exp(rate:ω)"
"G6-18->G5-19","exp(rate:sqrt(2)×ω)"
"G6-18->G6-17","exp(rate:ω)"
"G6-18->G6-19","exp(rate:ω)"
"G6-18->G7-17","exp(rate:sqrt(2)×ω)"
"G6-18->G7-18","exp(rate:ω)"
"G6-18->G7-19","exp(rate:sqrt(2)×ω)"
"G6-19->G5-18","exp(rate:sqrt(2)×ω)"
"G6-19->G5-19","exp(rate:ω)"
"G6-19->G5-20","exp(rate:sqrt(2)×ω)"
"G6-19->G6-18","exp(rate:ω)"
"G6-19->G6-20","exp(rate:ω)"
"G6-19->G7-18","exp(rate:sqrt(2)×ω)"
"G6-19->G7-19","exp(rate:ω)"
"G6-19->G7-20","exp(rate:sqrt(2)×ω)"
"G6-20->G5-19","exp(rate:sqrt(2)×ω)"
"G6-20->G5-20","exp(rate:ω)"
"G6-20->G6-19","exp(rate:ω)"
"G6-20->G7-19","exp(rate:sqrt(2)×ω)"
"G6-20->G7-20","exp(rate:ω)"
"G7-1->G6-1","exp(rate:ω)"
"G7-1->G6-2","exp(rate:sqrt(2)×ω)"
"G7-1->G7-2","exp(rate:ω)"
"G7-1->G8-1","exp(rate:ω)"
"G7-1->G8-2","exp(rate:sqrt(2)×ω)"
"G7-2->G6-1","exp(rate:sqrt(2)×ω)"
"G7-2->G6-2","exp(rate:ω)"
"G7-2->G6-3","exp(rate:sqrt(2)×ω)"
"G7-2->G7-1","exp(rate:ω)"
"G7-2->G7-3","exp(rate:ω)"
"G7-2->G8-1","exp(rate:sqrt(2)×ω)"
"G7-2->G8-2","exp(rate:ω)"
"G7-2->G8-3","exp(rate:sqrt(2)×ω)"
"G7-3->G6-2","exp(rate:sqrt(2)×ω)"
"G7-3->G6-3","exp(rate:ω)"
"G7-3->G6-4","exp(rate:sqrt(2)×ω)"
"G7-3->G7-2","exp(rate:ω)"
"G7-3->G7-4","exp(rate:ω)"
"G7-3->G8-2","exp(rate:sqrt(2)×ω)"
"G7-3->G8-3","exp(rate:ω)"
"G7-3->G8-4","exp(rate:sqrt(2)×ω)"
"G7-4->G6-3","exp(rate:sqrt(2)×ω)"
"G7-4->G6-4","exp(rate:ω)"
"G7-4->G6-5","exp(rate:sqrt(2)×ω)"
"G7-4->G7-3","exp(rate:ω)"
"G7-4->G7-5","exp(rate:ω)"
"G7-4->G8-3","exp(rate:sqrt(2)×ω)"
"G7-4->G8-4","exp(rate:ω)"
"G7-4->G8-5","exp(rate:sqrt(2)×ω)"
"G7-5->G6-4","exp(rate:sqrt(2)×ω)"
"G7-5->G6-5","exp(rate:ω)"
"G7-5->G6-6","exp(rate:sqrt(2)×ω)"
"G7-5->G7-4","exp(rate:ω)"
"G7-5->G7-6","exp(rate:ω)"
"G7-5->G8-4","exp(rate:sqrt(2)×ω)"
"G7-5->G8-5","exp(rate:ω)"
"G7-5->G8-6","exp(rate:sqrt(2)×ω)"
"G7-6->G6-5","exp(rate:sqrt(2)×ω)"
"G7-6->G6-6","exp(rate:ω)"
"G7-6->G6-7","exp(rate:sqrt(2)×ω)"
"G7-6->G7-5","exp(rate:ω)"
"G7-6->G7-7","exp(rate:ω)"
"G7-6->G8-5","exp(rate:sqrt(2)×ω)"
"G7-6->G8-6","exp(rate:ω)"
"G7-6->G8-7","exp(rate:sqrt(2)×ω)"
"G7-7->G6-6","exp(rate:sqrt(2)×ω)"
"G7-7->G6-7","exp(rate:ω)"
"G7-7->G6-8","exp(rate:sqrt(2)×ω)"
"G7-7->G7-6","exp(rate:ω)"
"G7-7->G7-8","exp(rate:ω)"
"G7-7->G8-6","exp(rate:sqrt(2)×ω)"
"G7-7->G8-7","exp(rate:ω)"
"G7-7->G8-8","exp(rate:sqrt(2)×ω)"
"G7-8->G6-7","exp(rate:sqrt(2)×ω)"
"G7-8->G6-8","exp(rate:ω)"
"G7-8->G6-9","exp(rate:sqrt(2)×ω)"
"G7-8->G7-7","exp(rate:ω)"
"G7-8->G7-9","exp(rate:ω)"
"G7-8->G8-7","exp(rate:sqrt(2)×ω)"
"G7-8->G8-8","exp(rate:ω)"
"G7-8->G8-9","exp(rate:sqrt(2)×ω)"
"G7-9->G6-8","exp(rate:sqrt(2)×ω)"
"G7-9->G6-9","exp(rate:ω)"
"G7-9->G6-10","exp(rate:sqrt(2)×ω)"
"G7-9->G7-8","exp(rate:ω)"
"G7-9->G7-10","exp(rate:ω)"
"G7-9->G8-8","exp(rate:sqrt(2)×ω)"
"G7-9->G8-9","exp(rate:ω)"
"G7-9->G8-10","exp(rate:sqrt(2)×ω)"
"G7-10->G6-9","exp(rate:sqrt(2)×ω)"
"G7-10->G6-10","exp(rate:ω)"
"G7-10->G6-11","exp(rate:sqrt(2)×ω)"
"G7-10->G7-9","exp(rate:ω)"
"G7-10->G7-11","exp(rate:ω)"
"G7-10->G8-9","exp(rate:sqrt(2)×ω)"
"G7-10->G8-10","exp(rate:ω)"
"G7-10->G8-11","exp(rate:sqrt(2)×ω)"
"G7-11->G6-10","exp(rate:sqrt(2)×ω)"
"G7-11->G6-11","exp(rate:ω)"
"G7-11->G6-12","exp(rate:sqrt(2)×ω)"
"G7-11->G7-10","exp(rate:ω)"
"G7-11->G7-12","exp(rate:ω)"
"G7-11->G8-10","exp(rate:sqrt(2)×ω)"
"G7-11->G8-11","exp(rate:ω)"
"G7-11->G8-12","exp(rate:sqrt(2)×ω)"
"G7-12->G6-11","exp(rate:sqrt(2)×ω)"
"G7-12->G6-12","exp(rate:ω)"
"G7-12->G6-13","exp(rate:sqrt(2)×ω)"
"G7-12->G7-11","exp(rate:ω)"
"G7-12->G7-13","exp(rate:ω)"
"G7-12->G8-11","exp(rate:sqrt(2)×ω)"
"G7-12->G8-12","exp(rate:ω)"
"G7-12->G8-13","exp(rate:sqrt(2)×ω)"
"G7-13->G6-12","exp(rate:sqrt(2)×ω)"
"G7-13->G6-13","exp(rate:ω)"
"G7-13->G6-14","exp(rate:sqrt(2)×ω)"
"G7-13->G7-12","exp(rate:ω)"
"G7-13->G7-14","exp(rate:ω)"
"G7-13->G8-12","exp(rate:sqrt(2)×ω)"
"G7-13->G8-13","exp(rate:ω)"
"G7-13->G8-14","exp(rate:sqrt(2)×ω)"
"G7-14->G6-13","exp(rate:sqrt(2)×ω)"
"G7-14->G6-14","exp(rate:ω)"
"G7-14->G6-15","exp(rate:sqrt(2)×ω)"
"G7-14->G7-13","exp(rate:ω)"
"G7-14->G7-15","exp(rate:ω)"
"G7-14->G8-13","exp(rate:sqrt(2)×ω)"
"G7-14->G8-14","exp(rate:ω)"
"G7-14->G8-15","exp(rate:sqrt(2)×ω)"
"G7-15->G6-14","exp(rate:sqrt(2)×ω)"
"G7-15->G6-15","exp(rate:ω)"
"G7-15->G6-16","exp(rate:sqrt(2)×ω)"
"G7-15->G7-14","exp(rate:ω)"
"G7-15->G7-16","exp(rate:ω)"
"G7-15->G8-14","exp(rate:sqrt(2)×ω)"
"G7-15->G8-15","exp(rate:ω)"
"G7-15->G8-16","exp(rate:sqrt(2)×ω)"
"G7-16->G6-15","exp(rate:sqrt(2)×ω)"
"G7-16->G6-16","exp(rate:ω)"
"G7-16->G6-17","exp(rate:sqrt(2)×ω)"
"G7-16->G7-15","exp(rate:ω)"
"G7-16->G7-17","exp(rate:ω)"
"G7-16->G8-15","exp(rate:sqrt(2)×ω)"
"G7-16->G8-16","exp(rate:ω)"
"G7-16->G8-17","exp(rate:sqrt(2)×ω)"
"G7-17->G6-16","exp(rate:sqrt(2)×ω)"
"G7-17->G6-17","exp(rate:ω)"
"G7-17->G6-18","exp(rate:sqrt(2)×ω)"
"G7-17->G7-16","exp(rate:ω)"
"G7-17->G7-18","exp(rate:ω)"
"G7-17->G8-16","exp(rate:sqrt(2)×ω)"
"G7-17->G8-17","exp(rate:ω)"
"G7-17->G8-18","exp(rate:sqrt(2)×ω)"
"G7-18->G6-17","exp(rate:sqrt(2)×ω)"
"G7-18->G6-18","exp(rate:ω)"
"G7-18->G6-19","exp(rate:sqrt(2)×ω)"
"G7-18->G7-17","exp(rate:ω)"
"G7-18->G7-19","exp(rate:ω)"
"G7-18->G8-17","exp(rate:sqrt(2)×ω)"
"G7-18->G8-18","exp(rate:ω)"
"G7-18->G8-19","exp(rate:sqrt(2)×ω)"
"G7-19->G6-18","exp(rate:sqrt(2)×ω)"
"G7-19->G6-19","exp(rate:ω)"
"G7-19->G6-20","exp(rate:sqrt(2)×ω)"
"G7-19->G7-18","exp(rate:ω)"
"G7-19->G7-20","exp(rate:ω)"
"G7-19->G8-18","exp(rate:sqrt(2)×ω)"
"G7-19->G8-19","exp(rate:ω)"
"G7-19->G8-20","exp(rate:sqrt(2)×ω)"
"G7-20->G6-19","exp(rate:sqrt(2)×ω)"
"G7-20->G6-20","exp(rate:ω)"
"G7-20->G7-19","exp(rate:ω)"
"G7-20->G8-19","exp(rate:sqrt(2)×ω)"
"G7-20->G8-20","exp(rate:ω)"
"G8-1->G7-1","exp(rate:ω)"
"G8-1->G7-2","exp(rate:sqrt(2)×ω)"
"G8-1->G8-2","exp(rate:ω)"
"G8-1->G9-1","exp(rate:ω)"
"G8-1->G9-2","exp(rate:sqrt(2)×ω)"
"G8-2->G7-1","exp(rate:sqrt(2)×ω)"
"G8-2->G7-2","exp(rate:ω)"
"G8-2->G7-3","exp(rate:sqrt(2)×ω)"
"G8-2->G8-1","exp(rate:ω)"
"G8-2->G8-3","exp(rate:ω)"
"G8-2->G9-1","exp(rate:sqrt(2)×ω)"
"G8-2->G9-2","exp(rate:ω)"
"G8-2->G9-3","exp(rate:sqrt(2)×ω)"
"G8-3->G7-2","exp(rate:sqrt(2)×ω)"
"G8-3->G7-3","exp(rate:ω)"
"G8-3->G7-4","exp(rate:sqrt(2)×ω)"
"G8-3->G8-2","exp(rate:ω)"
"G8-3->G8-4","exp(rate:ω)"
"G8-3->G9-2","exp(rate:sqrt(2)×ω)"
"G8-3->G9-3","exp(rate:ω)"
"G8-3->G9-4","exp(rate:sqrt(2)×ω)"
"G8-4->G7-3","exp(rate:sqrt(2)×ω)"
"G8-4->G7-4","exp(rate:ω)"
"G8-4->G7-5","exp(rate:sqrt(2)×ω)"
"G8-4->G8-3","exp(rate:ω)"
"G8-4->G8-5","exp(rate:ω)"
"G8-4->G9-3","exp(rate:sqrt(2)×ω)"
"G8-4->G9-4","exp(rate:ω)"
"G8-4->G9-5","exp(rate:sqrt(2)×ω)"
"G8-5->G7-4","exp(rate:sqrt(2)×ω)"
"G8-5->G7-5","exp(rate:ω)"
"G8-5->G7-6","exp(rate:sqrt(2)×ω)"
"G8-5->G8-4","exp(rate:ω)"
"G8-5->G8-6","exp(rate:ω)"
"G8-5->G9-4","exp(rate:sqrt(2)×ω)"
"G8-5->G9-5","exp(rate:ω)"
"G8-5->G9-6","exp(rate:sqrt(2)×ω)"
"G8-6->G7-5","exp(rate:sqrt(2)×ω)"
"G8-6->G7-6","exp(rate:ω)"
"G8-6->G7-7","exp(rate:sqrt(2)×ω)"
"G8-6->G8-5","exp(rate:ω)"
"G8-6->G8-7","exp(rate:ω)"
"G8-6->G9-5","exp(rate:sqrt(2)×ω)"
"G8-6->G9-6","exp(rate:ω)"
"G8-6->G9-7","exp(rate:sqrt(2)×ω)"
"G8-7->G7-6","exp(rate:sqrt(2)×ω)"
"G8-7->G7-7","exp(rate:ω)"
"G8-7->G7-8","exp(rate:sqrt(2)×ω)"
"G8-7->G8-6","exp(rate:ω)"
"G8-7->G8-8","exp(rate:ω)"
"G8-7->G9-6","exp(rate:sqrt(2)×ω)"
"G8-7->G9-7","exp(rate:ω)"
"G8-7->G9-8","exp(rate:sqrt(2)×ω)"
"G8-8->G7-7","exp(rate:sqrt(2)×ω)"
"G8-8->G7-8","exp(rate:ω)"
"G8-8->G7-9","exp(rate:sqrt(2)×ω)"
"G8-8->G8-7","exp(rate:ω)"
"G8-8->G8-9","exp(rate:ω)"
"G8-8->G9-7","exp(rate:sqrt(2)×ω)"
"G8-8->G9-8","exp(rate:ω)"
"G8-8->G9-9","exp(rate:sqrt(2)×ω)"
"G8-9->G7-8","exp(rate:sqrt(2)×ω)"
"G8-9->G7-9","exp(rate:ω)"
"G8-9->G7-10","exp(rate:sqrt(2)×ω)"
"G8-9->G8-8","exp(rate:ω)"
"G8-9->G8-10","exp(rate:ω)"
"G8-9->G9-8","exp(rate:sqrt(2)×ω)"
"G8-9->G9-9","exp(rate:ω)"
"G8-9->G9-10","exp(rate:sqrt(2)×ω)"
"G8-10->G7-9","exp(rate:sqrt(2)×ω)"
"G8-10->G7-10","exp(rate:ω)"
"G8-10->G7-11","exp(rate:sqrt(2)×ω)"
"G8-10->G8-9","exp(rate:ω)"
"G8-10->G8-11","exp(rate:ω)"
"G8-10->G9-9","exp(rate:sqrt(2)×ω)"
"G8-10->G9-10","exp(rate:ω)"
"G8-10->G9-11","exp(rate:sqrt(2)×ω)"
"G8-11->G7-10","exp(rate:sqrt(2)×ω)"
"G8-11->G7-11","exp(rate:ω)"
"G8-11->G7-12","exp(rate:sqrt(2)×ω)"
"G8-11->G8-10","exp(rate:ω)"
"G8-11->G8-12","exp(rate:ω)"
"G8-11->G9-10","exp(rate:sqrt(2)×ω)"
"G8-11->G9-11","exp(rate:ω)"
"G8-11->G9-12","exp(rate:sqrt(2)×ω)"
"G8-12->G7-11","exp(rate:sqrt(2)×ω)"
"G8-12->G7-12","exp(rate:ω)"
"G8-12->G7-13","exp(rate:sqrt(2)×ω)"
"G8-12->G8-11","exp(rate:ω)"
"G8-12->G8-13","exp(rate:ω)"
"G8-12->G9-11","exp(rate:sqrt(2)×ω)"
"G8-12->G9-12","exp(rate:ω)"
"G8-12->G9-13","exp(rate:sqrt(2)×ω)"
"G8-13->G7-12","exp(rate:sqrt(2)×ω)"
"G8-13->G7-13","exp(rate:ω)"
"G8-13->G7-14","exp(rate:sqrt(2)×ω)"
"G8-13->G8-12","exp(rate:ω)"
"G8-13->G8-14","exp(rate:ω)"
"G8-13->G9-12","exp(rate:sqrt(2)×ω)"
"G8-13->G9-13","exp(rate:ω)"
"G8-13->G9-14","exp(rate:sqrt(2)×ω)"
"G8-14->G7-13","exp(rate:sqrt(2)×ω)"
"G8-14->G7-14","exp(rate:ω)"
"G8-14->G7-15","exp(rate:sqrt(2)×ω)"
"G8-14->G8-13","exp(rate:ω)"
"G8-14->G8-15","exp(rate:ω)"
"G8-14->G9-13","exp(rate:sqrt(2)×ω)"
"G8-14->G9-14","exp(rate:ω)"
"G8-14->G9-15","exp(rate:sqrt(2)×ω)"
"G8-15->G7-14","exp(rate:sqrt(2)×ω)"
"G8-15->G7-15","exp(rate:ω)"
"G8-15->G7-16","exp(rate:sqrt(2)×ω)"
"G8-15->G8-14","exp(rate:ω)"
"G8-15->G8-16","exp(rate:ω)"
"G8-15->G9-14","exp(rate:sqrt(2)×ω)"
"G8-15->G9-15","exp(rate:ω)"
"G8-15->G9-16","exp(rate:sqrt(2)×ω)"
"G8-16->G7-15","exp(rate:sqrt(2)×ω)"
"G8-16->G7-16","exp(rate:ω)"
"G8-16->G7-17","exp(rate:sqrt(2)×ω)"
"G8-16->G8-15","exp(rate:ω)"
"G8-16->G8-17","exp(rate:ω)"
"G8-16->G9-15","exp(rate:sqrt(2)×ω)"
"G8-16->G9-16","exp(rate:ω)"
"G8-16->G9-17","exp(rate:sqrt(2)×ω)"
"G8-17->G7-16","exp(rate:sqrt(2)×ω)"
"G8-17->G7-17","exp(rate:ω)"
"G8-17->G7-18","exp(rate:sqrt(2)×ω)"
"G8-17->G8-16","exp(rate:ω)"
"G8-17->G8-18","exp(rate:ω)"
"G8-17->G9-16","exp(rate:sqrt(2)×ω)"
"G8-17->G9-17","exp(rate:ω)"
"G8-17->G9-18","exp(rate:sqrt(2)×ω)"
"G8-18->G7-17","exp(rate:sqrt(2)×ω)"
"G8-18->G7-18","exp(rate:ω)"
"G8-18->G7-19","exp(rate:sqrt(2)×ω)"
"G8-18->G8-17","exp(rate:ω)"
"G8-18->G8-19","exp(rate:ω)"
"G8-18->G9-17","exp(rate:sqrt(2)×ω)"
"G8-18->G9-18","exp(rate:ω)"
"G8-18->G9-19","exp(rate:sqrt(2)×ω)"
"G8-19->G7-18","exp(rate:sqrt(2)×ω)"
"G8-19->G7-19","exp(rate:ω)"
"G8-19->G7-20","exp(rate:sqrt(2)×ω)"
"G8-19->G8-18","exp(rate:ω)"
"G8-19->G8-20","exp(rate:ω)"
"G8-19->G9-18","exp(rate:sqrt(2)×ω)"
"G8-19->G9-19","exp(rate:ω)"
"G8-19->G9-20","exp(rate:sqrt(2)×ω)"
"G8-20->G7-19","exp(rate:sqrt(2)×ω)"
"G8-20->G7-20","exp(rate:ω)"
"G8-20->G8-19","exp(rate:ω)"
"G8-20->G9-19","exp(rate:sqrt(2)×ω)"
"G8-20->G9-20","exp(rate:ω)"
"G9-1->G8-1","exp(rate:ω)"
"G9-1->G8-2","exp(rate:sqrt(2)×ω)"
"G9-1->G9-2","exp(rate:ω)"
"G9-1->G10-1","exp(rate:ω)"
"G9-1->G10-2","exp(rate:sqrt(2)×ω)"
"G9-2->G8-1","exp(rate:sqrt(2)×ω)"
"G9-2->G8-2","exp(rate:ω)"
"G9-2->G8-3","exp(rate:sqrt(2)×ω)"
"G9-2->G9-1","exp(rate:ω)"
"G9-2->G9-3","exp(rate:ω)"
"G9-2->G10-1","exp(rate:sqrt(2)×ω)"
"G9-2->G10-2","exp(rate:ω)"
"G9-2->G10-3","exp(rate:sqrt(2)×ω)"
"G9-3->G8-2","exp(rate:sqrt(2)×ω)"
"G9-3->G8-3","exp(rate:ω)"
"G9-3->G8-4","exp(rate:sqrt(2)×ω)"
"G9-3->G9-2","exp(rate:ω)"
"G9-3->G9-4","exp(rate:ω)"
"G9-3->G10-2","exp(rate:sqrt(2)×ω)"
"G9-3->G10-3","exp(rate:ω)"
"G9-3->G10-4","exp(rate:sqrt(2)×ω)"
"G9-4->G8-3","exp(rate:sqrt(2)×ω)"
"G9-4->G8-4","exp(rate:ω)"
"G9-4->G8-5","exp(rate:sqrt(2)×ω)"
"G9-4->G9-3","exp(rate:ω)"
"G9-4->G9-5","exp(rate:ω)"
"G9-4->G10-3","exp(rate:sqrt(2)×ω)"
"G9-4->G10-4","exp(rate:ω)"
"G9-4->G10-5","exp(rate:sqrt(2)×ω)"
"G9-5->G8-4","exp(rate:sqrt(2)×ω)"
"G9-5->G8-5","exp(rate:ω)"
"G9-5->G8-6","exp(rate:sqrt(2)×ω)"
"G9-5->G9-4","exp(rate:ω)"
"G9-5->G9-6","exp(rate:ω)"
"G9-5->G10-4","exp(rate:sqrt(2)×ω)"
"G9-5->G10-5","exp(rate:ω)"
"G9-5->G10-6","exp(rate:sqrt(2)×ω)"
"G9-6->G8-5","exp(rate:sqrt(2)×ω)"
"G9-6->G8-6","exp(rate:ω)"
"G9-6->G8-7","exp(rate:sqrt(2)×ω)"
"G9-6->G9-5","exp(rate:ω)"
"G9-6->G9-7","exp(rate:ω)"
"G9-6->G10-5","exp(rate:sqrt(2)×ω)"
"G9-6->G10-6","exp(rate:ω)"
"G9-6->G10-7","exp(rate:sqrt(2)×ω)"
"G9-7->G8-6","exp(rate:sqrt(2)×ω)"
"G9-7->G8-7","exp(rate:ω)"
"G9-7->G8-8","exp(rate:sqrt(2)×ω)"
"G9-7->G9-6","exp(rate:ω)"
"G9-7->G9-8","exp(rate:ω)"
"G9-7->G10-6","exp(rate:sqrt(2)×ω)"
"G9-7->G10-7","exp(rate:ω)"
"G9-7->G10-8","exp(rate:sqrt(2)×ω)"
"G9-8->G8-7","exp(rate:sqrt(2)×ω)"
"G9-8->G8-8","exp(rate:ω)"
"G9-8->G8-9","exp(rate:sqrt(2)×ω)"
"G9-8->G9-7","exp(rate:ω)"
"G9-8->G9-9","exp(rate:ω)"
"G9-8->G10-7","exp(rate:sqrt(2)×ω)"
"G9-8->G10-8","exp(rate:ω)"
"G9-8->G10-9","exp(rate:sqrt(2)×ω)"
"G9-9->G8-8","exp(rate:sqrt(2)×ω)"
"G9-9->G8-9","exp(rate:ω)"
"G9-9->G8-10","exp(rate:sqrt(2)×ω)"
"G9-9->G9-8","exp(rate:ω)"
"G9-9->G9-10","exp(rate:ω)"
"G9-9->G10-8","exp(rate:sqrt(2)×ω)"
"G9-9->G10-9","exp(rate:ω)"
"G9-9->G10-10","exp(rate:sqrt(2)×ω)"
"G9-10->G8-9","exp(rate:sqrt(2)×ω)"
"G9-10->G8-10","exp(rate:ω)"
"G9-10->G8-11","exp(rate:sqrt(2)×ω)"
"G9-10->G9-9","exp(rate:ω)"
"G9-10->G9-11","exp(rate:ω)"
"G9-10->G10-9","exp(rate:sqrt(2)×ω)"
"G9-10->G10-10","exp(rate:ω)"
"G9-10->G10-11","exp(rate:sqrt(2)×ω)"
"G9-11->G8-10","exp(rate:sqrt(2)×ω)"
"G9-11->G8-11","exp(rate:ω)"
"G9-11->G8-12","exp(rate:sqrt(2)×ω)"
"G9-11->G9-10","exp(rate:ω)"
"G9-11->G9-12","exp(rate:ω)"
"G9-11->G10-10","exp(rate:sqrt(2)×ω)"
"G9-11->G10-11","exp(rate:ω)"
"G9-11->G10-12","exp(rate:sqrt(2)×ω)"
"G9-12->G8-11","exp(rate:sqrt(2)×ω)"
"G9-12->G8-12","exp(rate:ω)"
"G9-12->G8-13","exp(rate:sqrt(2)×ω)"
"G9-12->G9-11","exp(rate:ω)"
"G9-12->G9-13","exp(rate:ω)"
"G9-12->G10-11","exp(rate:sqrt(2)×ω)"
"G9-12->G10-12","exp(rate:ω)"
"G9-12->G10-13","exp(rate:sqrt(2)×ω)"
"G9-13->G8-12","exp(rate:sqrt(2)×ω)"
"G9-13->G8-13","exp(rate:ω)"
"G9-13->G8-14","exp(rate:sqrt(2)×ω)"
"G9-13->G9-12","exp(rate:ω)"
"G9-13->G9-14","exp(rate:ω)"
"G9-13->G10-12","exp(rate:sqrt(2)×ω)"
"G9-13->G10-13","exp(rate:ω)"
"G9-13->G10-14","exp(rate:sqrt(2)×ω)"
"G9-14->G8-13","exp(rate:sqrt(2)×ω)"
"G9-14->G8-14","exp(rate:ω)"
"G9-14->G8-15","exp(rate:sqrt(2)×ω)"
"G9-14->G9-13","exp(rate:ω)"
"G9-14->G9-15","exp(rate:ω)"
"G9-14->G10-13","exp(rate:sqrt(2)×ω)"
"G9-14->G10-14","exp(rate:ω)"
"G9-14->G10-15","exp(rate:sqrt(2)×ω)"
"G9-15->G8-14","exp(rate:sqrt(2)×ω)"
"G9-15->G8-15","exp(rate:ω)"
"G9-15->G8-16","exp(rate:sqrt(2)×ω)"
"G9-15->G9-14","exp(rate:ω)"
"G9-15->G9-16","exp(rate:ω)"
"G9-15->G10-14","exp(rate:sqrt(2)×ω)"
"G9-15->G10-15","exp(rate:ω)"
"G9-15->G10-16","exp(rate:sqrt(2)×ω)"
"G9-16->G8-15","exp(rate:sqrt(2)×ω)"
"G9-16->G8-16","exp(rate:ω)"
"G9-16->G8-17","exp(rate:sqrt(2)×ω)"
"G9-16->G9-15","exp(rate:ω)"
"G9-16->G9-17","exp(rate:ω)"
"G9-16->G10-15","exp(rate:sqrt(2)×ω)"
"G9-16->G10-16","exp(rate:ω)"
"G9-16->G10-17","exp(rate:sqrt(2)×ω)"
"G9-17->G8-16","exp(rate:sqrt(2)×ω)"
"G9-17->G8-17","exp(rate:ω)"
"G9-17->G8-18","exp(rate:sqrt(2)×ω)"
"G9-17->G9-16","exp(rate:ω)"
"G9-17->G9-18","exp(rate:ω)"
"G9-17->G10-16","exp(rate:sqrt(2)×ω)"
"G9-17->G10-17","exp(rate:ω)"
"G9-17->G10-18","exp(rate:sqrt(2)×ω)"
"G9-18->G8-17","exp(rate:sqrt(2)×ω)"
"G9-18->G8-18","exp(rate:ω)"
"G9-18->G8-19","exp(rate:sqrt(2)×ω)"
"G9-18->G9-17","exp(rate:ω)"
"G9-18->G9-19","exp(rate:ω)"
"G9-18->G10-17","exp(rate:sqrt(2)×ω)"
"G9-18->G10-18","exp(rate:ω)"
"G9-18->G10-19","exp(rate:sqrt(2)×ω)"
"G9-19->G8-18","exp(rate:sqrt(2)×ω)"
"G9-19->G8-19","exp(rate:ω)"
"G9-19->G8-20","exp(rate:sqrt(2)×ω)"
"G9-19->G9-18","exp(rate:ω)"
"G9-19->G9-20","exp(rate:ω)"
"G9-19->G10-18","exp(rate:sqrt(2)×ω)"
"G9-19->G10-19","exp(rate:ω)"
"G9-19->G10-20","exp(rate:sqrt(2)×ω)"
"G9-20->G8-19","exp(rate:sqrt(2)×ω)"
"G9-20->G8-20","exp(rate:ω)"
"G9-20->G9-19","exp(rate:ω)"
"G9-20->G10-19","exp(rate:sqrt(2)×ω)"
"G9-20->G10-20","exp(rate:ω)"
"G10-1->G9-1","exp(rate:ω)"
"G10-1->G9-2","exp(rate:sqrt(2)×ω)"
"G10-1->G10-2","exp(rate:ω)"
"G10-1->G11-1","exp(rate:ω)"
"G10-1->G11-2","exp(rate:sqrt(2)×ω)"
"G10-2->G9-1","exp(rate:sqrt(2)×ω)"
"G10-2->G9-2","exp(rate:ω)"
"G10-2->G9-3","exp(rate:sqrt(2)×ω)"
"G10-2->G10-1","exp(rate:ω)"
"G10-2->G10-3","exp(rate:ω)"
"G10-2->G11-1","exp(rate:sqrt(2)×ω)"
"G10-2->G11-2","exp(rate:ω)"
"G10-2->G11-3","exp(rate:sqrt(2)×ω)"
"G10-3->G9-2","exp(rate:sqrt(2)×ω)"
"G10-3->G9-3","exp(rate:ω)"
"G10-3->G9-4","exp(rate:sqrt(2)×ω)"
"G10-3->G10-2","exp(rate:ω)"
"G10-3->G10-4","exp(rate:ω)"
"G10-3->G11-2","exp(rate:sqrt(2)×ω)"
"G10-3->G11-3","exp(rate:ω)"
"G10-3->G11-4","exp(rate:sqrt(2)×ω)"
"G10-4->G9-3","exp(rate:sqrt(2)×ω)"
"G10-4->G9-4","exp(rate:ω)"
"G10-4->G9-5","exp(rate:sqrt(2)×ω)"
"G10-4->G10-3","exp(rate:ω)"
"G10-4->G10-5","exp(rate:ω)"
"G10-4->G11-3","exp(rate:sqrt(2)×ω)"
"G10-4->G11-4","exp(rate:ω)"
"G10-4->G11-5","exp(rate:sqrt(2)×ω)"
"G10-5->G9-4","exp(rate:sqrt(2)×ω)"
"G10-5->G9-5","exp(rate:ω)"
"G10-5->G9-6","exp(rate:sqrt(2)×ω)"
"G10-5->G10-4","exp(rate:ω)"
"G10-5->G10-6","exp(rate:ω)"
"G10-5->G11-4","exp(rate:sqrt(2)×ω)"
"G10-5->G11-5","exp(rate:ω)"
"G10-5->G11-6","exp(rate:sqrt(2)×ω)"
"G10-6->G9-5","exp(rate:sqrt(2)×ω)"
"G10-6->G9-6","exp(rate:ω)"
"G10-6->G9-7","exp(rate:sqrt(2)×ω)"
"G10-6->G10-5","exp(rate:ω)"
"G10-6->G10-7","exp(rate:ω)"
"G10-6->G11-5","exp(rate:sqrt(2)×ω)"
"G10-6->G11-6","exp(rate:ω)"
"G10-6->G11-7","exp(rate:sqrt(2)×ω)"
"G10-7->G9-6","exp(rate:sqrt(2)×ω)"
"G10-7->G9-7","exp(rate:ω)"
"G10-7->G9-8","exp(rate:sqrt(2)×ω)"
"G10-7->G10-6","exp(rate:ω)"
"G10-7->G10-8","exp(rate:ω)"
"G10-7->G11-6","exp(rate:sqrt(2)×ω)"
"G10-7->G11-7","exp(rate:ω)"
"G10-7->G11-8","exp(rate:sqrt(2)×ω)"
"G10-8->G9-7","exp(rate:sqrt(2)×ω)"
"G10-8->G9-8","exp(rate:ω)"
"G10-8->G9-9","exp(rate:sqrt(2)×ω)"
"G10-8->G10-7","exp(rate:ω)"
"G10-8->G10-9","exp(rate:ω)"
"G10-8->G11-7","exp(rate:sqrt(2)×ω)"
"G10-8->G11-8","exp(rate:ω)"
"G10-8->G11-9","exp(rate:sqrt(2)×ω)"
"G10-9->G9-8","exp(rate:sqrt(2)×ω)"
"G10-9->G9-9","exp(rate:ω)"
"G10-9->G9-10","exp(rate:sqrt(2)×ω)"
"G10-9->G10-8","exp(rate:ω)"
"G10-9->G10-10","exp(rate:ω)"
"G10-9->G11-8","exp(rate:sqrt(2)×ω)"
"G10-9->G11-9","exp(rate:ω)"
"G10-9->G11-10","exp(rate:sqrt(2)×ω)"
"G10-10->G9-9","exp(rate:sqrt(2)×ω)"
"G10-10->G9-10","exp(rate:ω)"
"G10-10->G9-11","exp(rate:sqrt(2)×ω)"
"G10-10->G10-9","exp(rate:ω)"
"G10-10->G10-11","exp(rate:ω)"
"G10-10->G11-9","exp(rate:sqrt(2)×ω)"
"G10-10->G11-10","exp(rate:ω)"
"G10-10->G11-11","exp(rate:sqrt(2)×ω)"
"G10-11->G9-10","exp(rate:sqrt(2)×ω)"
"G10-11->G9-11","exp(rate:ω)"
"G10-11->G9-12","exp(rate:sqrt(2)×ω)"
"G10-11->G10-10","exp(rate:ω)"
"G10-11->G10-12","exp(rate:ω)"
"G10-11->G11-10","exp(rate:sqrt(2)×ω)"
"G10-11->G11-11","exp(rate:ω)"
"G10-11->G11-12","exp(rate:sqrt(2)×ω)"
"G10-12->G9-11","exp(rate:sqrt(2)×ω)"
"G10-12->G9-12","exp(rate:ω)"
"G10-12->G9-13","exp(rate:sqrt(2)×ω)"
"G10-12->G10-11","exp(rate:ω)"
"G10-12->G10-13","exp(rate:ω)"
"G10-12->G11-11","exp(rate:sqrt(2)×ω)"
"G10-12->G11-12","exp(rate:ω)"
"G10-12->G11-13","exp(rate:sqrt(2)×ω)"
"G10-13->G9-12","exp(rate:sqrt(2)×ω)"
"G10-13->G9-13","exp(rate:ω)"
"G10-13->G9-14","exp(rate:sqrt(2)×ω)"
"G10-13->G10-12","exp(rate:ω)"
"G10-13->G10-14","exp(rate:ω)"
"G10-13->G11-12","exp(rate:sqrt(2)×ω)"
"G10-13->G11-13","exp(rate:ω)"
"G10-13->G11-14","exp(rate:sqrt(2)×ω)"
"G10-14->G9-13","exp(rate:sqrt(2)×ω)"
"G10-14->G9-14","exp(rate:ω)"
"G10-14->G9-15","exp(rate:sqrt(2)×ω)"
"G10-14->G10-13","exp(rate:ω)"
"G10-14->G10-15","exp(rate:ω)"
"G10-14->G11-13","exp(rate:sqrt(2)×ω)"
"G10-14->G11-14","exp(rate:ω)"
"G10-14->G11-15","exp(rate:sqrt(2)×ω)"
"G10-15->G9-14","exp(rate:sqrt(2)×ω)"
"G10-15->G9-15","exp(rate:ω)"
"G10-15->G9-16","exp(rate:sqrt(2)×ω)"
"G10-15->G10-14","exp(rate:ω)"
"G10-15->G10-16","exp(rate:ω)"
"G10-15->G11-14","exp(rate:sqrt(2)×ω)"
"G10-15->G11-15","exp(rate:ω)"
"G10-15->G11-16","exp(rate:sqrt(2)×ω)"
"G10-16->G9-15","exp(rate:sqrt(2)×ω)"
"G10-16->G9-16","exp(rate:ω)"
"G10-16->G9-17","exp(rate:sqrt(2)×ω)"
"G10-16->G10-15","exp(rate:ω)"
"G10-16->G10-17","exp(rate:ω)"
"G10-16->G11-15","exp(rate:sqrt(2)×ω)"
"G10-16->G11-16","exp(rate:ω)"
"G10-16->G11-17","exp(rate:sqrt(2)×ω)"
"G10-17->G9-16","exp(rate:sqrt(2)×ω)"
"G10-17->G9-17","exp(rate:ω)"
"G10-17->G9-18","exp(rate:sqrt(2)×ω)"
"G10-17->G10-16","exp(rate:ω)"
"G10-17->G10-18","exp(rate:ω)"
"G10-17->G11-16","exp(rate:sqrt(2)×ω)"
"G10-17->G11-17","exp(rate:ω)"
"G10-17->G11-18","exp(rate:sqrt(2)×ω)"
"G10-18->G9-17","exp(rate:sqrt(2)×ω)"
"G10-18->G9-18","exp(rate:ω)"
"G10-18->G9-19","exp(rate:sqrt(2)×ω)"
"G10-18->G10-17","exp(rate:ω)"
"G10-18->G10-19","exp(rate:ω)"
"G10-18->G11-17","exp(rate:sqrt(2)×ω)"
"G10-18->G11-18","exp(rate:ω)"
"G10-18->G11-19","exp(rate:sqrt(2)×ω)"
"G10-19->G9-18","exp(rate:sqrt(2)×ω)"
"G10-19->G9-19","exp(rate:ω)"
"G10-19->G9-20","exp(rate:sqrt(2)×ω)"
"G10-19->G10-18","exp(rate:ω)"
"G10-19->G10-20","exp(rate:ω)"
"G10-19->G11-18","exp(rate:sqrt(2)×ω)"
"G10-19->G11-19","exp(rate:ω)"
"G10-19->G11-20","exp(rate:sqrt(2)×ω)"
"G10-20->G9-19","exp(rate:sqrt(2)×ω)"
"G10-20->G9-20","exp(rate:ω)"
"G10-20->G10-19","exp(rate:ω)"
"G10-20->G11-19","exp(rate:sqrt(2)×ω)"
"G10-20->G11-20","exp(rate:ω)"
"G11-1->G10-1","exp(rate:ω)"
"G11-1->G10-2","exp(rate:sqrt(2)×ω)"
"G11-1->G11-2","exp(rate:ω)"
"G11-1->G12-1","exp(rate:ω)"
"G11-1->G12-2","exp(rate:sqrt(2)×ω)"
"G11-2->G10-1","exp(rate:sqrt(2)×ω)"
"G11-2->G10-2","exp(rate:ω)"
"G11-2->G10-3","exp(rate:sqrt(2)×ω)"
"G11-2->G11-1","exp(rate:ω)"
"G11-2->G11-3","exp(rate:ω)"
"G11-2->G12-1","exp(rate:sqrt(2)×ω)"
"G11-2->G12-2","exp(rate:ω)"
"G11-2->G12-3","exp(rate:sqrt(2)×ω)"
"G11-3->G10-2","exp(rate:sqrt(2)×ω)"
"G11-3->G10-3","exp(rate:ω)"
"G11-3->G10-4","exp(rate:sqrt(2)×ω)"
"G11-3->G11-2","exp(rate:ω)"
"G11-3->G11-4","exp(rate:ω)"
"G11-3->G12-2","exp(rate:sqrt(2)×ω)"
"G11-3->G12-3","exp(rate:ω)"
"G11-3->G12-4","exp(rate:sqrt(2)×ω)"
"G11-4->G10-3","exp(rate:sqrt(2)×ω)"
"G11-4->G10-4","exp(rate:ω)"
"G11-4->G10-5","exp(rate:sqrt(2)×ω)"
"G11-4->G11-3","exp(rate:ω)"
"G11-4->G11-5","exp(rate:ω)"
"G11-4->G12-3","exp(rate:sqrt(2)×ω)"
"G11-4->G12-4","exp(rate:ω)"
"G11-4->G12-5","exp(rate:sqrt(2)×ω)"
"G11-5->G10-4","exp(rate:sqrt(2)×ω)"
"G11-5->G10-5","exp(rate:ω)"
"G11-5->G10-6","exp(rate:sqrt(2)×ω)"
"G11-5->G11-4","exp(rate:ω)"
"G11-5->G11-6","exp(rate:ω)"
"G11-5->G12-4","exp(rate:sqrt(2)×ω)"
"G11-5->G12-5","exp(rate:ω)"
"G11-5->G12-6","exp(rate:sqrt(2)×ω)"
"G11-6->G10-5","exp(rate:sqrt(2)×ω)"
"G11-6->G10-6","exp(rate:ω)"
"G11-6->G10-7","exp(rate:sqrt(2)×ω)"
"G11-6->G11-5","exp(rate:ω)"
"G11-6->G11-7","exp(rate:ω)"
"G11-6->G12-5","exp(rate:sqrt(2)×ω)"
"G11-6->G12-6","exp(rate:ω)"
"G11-6->G12-7","exp(rate:sqrt(2)×ω)"
"G11-7->G10-6","exp(rate:sqrt(2)×ω)"
"G11-7->G10-7","exp(rate:ω)"
"G11-7->G10-8","exp(rate:sqrt(2)×ω)"
"G11-7->G11-6","exp(rate:ω)"
"G11-7->G11-8","exp(rate:ω)"
"G11-7->G12-6","exp(rate:sqrt(2)×ω)"
"G11-7->G12-7","exp(rate:ω)"
"G11-7->G12-8","exp(rate:sqrt(2)×ω)"
"G11-8->G10-7","exp(rate:sqrt(2)×ω)"
"G11-8->G10-8","exp(rate:ω)"
"G11-8->G10-9","exp(rate:sqrt(2)×ω)"
"G11-8->G11-7","exp(rate:ω)"
"G11-8->G11-9","exp(rate:ω)"
"G11-8->G12-7","exp(rate:sqrt(2)×ω)"
"G11-8->G12-8","exp(rate:ω)"
"G11-8->G12-9","exp(rate:sqrt(2)×ω)"
"G11-9->G10-8","exp(rate:sqrt(2)×ω)"
"G11-9->G10-9","exp(rate:ω)"
"G11-9->G10-10","exp(rate:sqrt(2)×ω)"
"G11-9->G11-8","exp(rate:ω)"
"G11-9->G11-10","exp(rate:ω)"
"G11-9->G12-8","exp(rate:sqrt(2)×ω)"
"G11-9->G12-9","exp(rate:ω)"
"G11-9->G12-10","exp(rate:sqrt(2)×ω)"
"G11-10->G10-9","exp(rate:sqrt(2)×ω)"
"G11-10->G10-10","exp(rate:ω)"
"G11-10->G10-11","exp(rate:sqrt(2)×ω)"
"G11-10->G11-9","exp(rate:ω)"
"G11-10->G11-11","exp(rate:ω)"
"G11-10->G12-9","exp(rate:sqrt(2)×ω)"
"G11-10->G12-10","exp(rate:ω)"
"G11-10->G12-11","exp(rate:sqrt(2)×ω)"
"G11-11->G10-10","exp(rate:sqrt(2)×ω)"
"G11-11->G10-11","exp(rate:ω)"
"G11-11->G10-12","exp(rate:sqrt(2)×ω)"
"G11-11->G11-10","exp(rate:ω)"
"G11-11->G11-12","exp(rate:ω)"
"G11-11->G12-10","exp(rate:sqrt(2)×ω)"
"G11-11->G12-11","exp(rate:ω)"
"G11-11->G12-12","exp(rate:sqrt(2)×ω)"
"G11-12->G10-11","exp(rate:sqrt(2)×ω)"
"G11-12->G10-12","exp(rate:ω)"
"G11-12->G10-13","exp(rate:sqrt(2)×ω)"
"G11-12->G11-11","exp(rate:ω)"
"G11-12->G11-13","exp(rate:ω)"
"G11-12->G12-11","exp(rate:sqrt(2)×ω)"
"G11-12->G12-12","exp(rate:ω)"
"G11-12->G12-13","exp(rate:sqrt(2)×ω)"
"G11-13->G10-12","exp(rate:sqrt(2)×ω)"
"G11-13->G10-13","exp(rate:ω)"
"G11-13->G10-14","exp(rate:sqrt(2)×ω)"
"G11-13->G11-12","exp(rate:ω)"
"G11-13->G11-14","exp(rate:ω)"
"G11-13->G12-12","exp(rate:sqrt(2)×ω)"
"G11-13->G12-13","exp(rate:ω)"
"G11-13->G12-14","exp(rate:sqrt(2)×ω)"
"G11-14->G10-13","exp(rate:sqrt(2)×ω)"
"G11-14->G10-14","exp(rate:ω)"
"G11-14->G10-15","exp(rate:sqrt(2)×ω)"
"G11-14->G11-13","exp(rate:ω)"
"G11-14->G11-15","exp(rate:ω)"
"G11-14->G12-13","exp(rate:sqrt(2)×ω)"
"G11-14->G12-14","exp(rate:ω)"
"G11-14->G12-15","exp(rate:sqrt(2)×ω)"
"G11-15->G10-14","exp(rate:sqrt(2)×ω)"
"G11-15->G10-15","exp(rate:ω)"
"G11-15->G10-16","exp(rate:sqrt(2)×ω)"
"G11-15->G11-14","exp(rate:ω)"
"G11-15->G11-16","exp(rate:ω)"
"G11-15->G12-14","exp(rate:sqrt(2)×ω)"
"G11-15->G12-15","exp(rate:ω)"
"G11-15->G12-16","exp(rate:sqrt(2)×ω)"
"G11-16->G10-15","exp(rate:sqrt(2)×ω)"
"G11-16->G10-16","exp(rate:ω)"
"G11-16->G10-17","exp(rate:sqrt(2)×ω)"
"G11-16->G11-15","exp(rate:ω)"
"G11-16->G11-17","exp(rate:ω)"
"G11-16->G12-15","exp(rate:sqrt(2)×ω)"
"G11-16->G12-16","exp(rate:ω)"
"G11-16->G12-17","exp(rate:sqrt(2)×ω)"
"G11-17->G10-16","exp(rate:sqrt(2)×ω)"
"G11-17->G10-17","exp(rate:ω)"
"G11-17->G10-18","exp(rate:sqrt(2)×ω)"
"G11-17->G11-16","exp(rate:ω)"
"G11-17->G11-18","exp(rate:ω)"
"G11-17->G12-16","exp(rate:sqrt(2)×ω)"
"G11-17->G12-17","exp(rate:ω)"
"G11-17->G12-18","exp(rate:sqrt(2)×ω)"
"G11-18->G10-17","exp(rate:sqrt(2)×ω)"
"G11-18->G10-18","exp(rate:ω)"
"G11-18->G10-19","exp(rate:sqrt(2)×ω)"
"G11-18->G11-17","exp(rate:ω)"
"G11-18->G11-19","exp(rate:ω)"
"G11-18->G12-17","exp(rate:sqrt(2)×ω)"
"G11-18->G12-18","exp(rate:ω)"
"G11-18->G12-19","exp(rate:sqrt(2)×ω)"
"G11-19->G10-18","exp(rate:sqrt(2)×ω)"
"G11-19->G10-19","exp(rate:ω)"
"G11-19->G10-20","exp(rate:sqrt(2)×ω)"
"G11-19->G11-18","exp(rate:ω)"
"G11-19->G11-20","exp(rate:ω)"
"G11-19->G12-18","exp(rate:sqrt(2)×ω)"
"G11-19->G12-19","exp(rate:ω)"
"G11-19->G12-20","exp(rate:sqrt(2)×ω)"
"G11-20->G10-19","exp(rate:sqrt(2)×ω)"
"G11-20->G10-20","exp(rate:ω)"
"G11-20->G11-19","exp(rate:ω)"
"G11-20->G12-19","exp(rate:sqrt(2)×ω)"
"G11-20->G12-20","exp(rate:ω)"
"G12-1->G11-1","exp(rate:ω)"
"G12-1->G11-2","exp(rate:sqrt(2)×ω)"
"G12-1->G12-2","exp(rate:ω)"
"G12-1->G13-1","exp(rate:ω)"
"G12-1->G13-2","exp(rate:sqrt(2)×ω)"
"G12-2->G11-1","exp(rate:sqrt(2)×ω)"
"G12-2->G11-2","exp(rate:ω)"
"G12-2->G11-3","exp(rate:sqrt(2)×ω)"
"G12-2->G12-1","exp(rate:ω)"
"G12-2->G12-3","exp(rate:ω)"
"G12-2->G13-1","exp(rate:sqrt(2)×ω)"
"G12-2->G13-2","exp(rate:ω)"
"G12-2->G13-3","exp(rate:sqrt(2)×ω)"
"G12-3->G11-2","exp(rate:sqrt(2)×ω)"
"G12-3->G11-3","exp(rate:ω)"
"G12-3->G11-4","exp(rate:sqrt(2)×ω)"
"G12-3->G12-2","exp(rate:ω)"
"G12-3->G12-4","exp(rate:ω)"
"G12-3->G13-2","exp(rate:sqrt(2)×ω)"
"G12-3->G13-3","exp(rate:ω)"
"G12-3->G13-4","exp(rate:sqrt(2)×ω)"
"G12-4->G11-3","exp(rate:sqrt(2)×ω)"
"G12-4->G11-4","exp(rate:ω)"
"G12-4->G11-5","exp(rate:sqrt(2)×ω)"
"G12-4->G12-3","exp(rate:ω)"
"G12-4->G12-5","exp(rate:ω)"
"G12-4->G13-3","exp(rate:sqrt(2)×ω)"
"G12-4->G13-4","exp(rate:ω)"
"G12-4->G13-5","exp(rate:sqrt(2)×ω)"
"G12-5->G11-4","exp(rate:sqrt(2)×ω)"
"G12-5->G11-5","exp(rate:ω)"
"G12-5->G11-6","exp(rate:sqrt(2)×ω)"
"G12-5->G12-4","exp(rate:ω)"
"G12-5->G12-6","exp(rate:ω)"
"G12-5->G13-4","exp(rate:sqrt(2)×ω)"
"G12-5->G13-5","exp(rate:ω)"
"G12-5->G13-6","exp(rate:sqrt(2)×ω)"
"G12-6->G11-5","exp(rate:sqrt(2)×ω)"
"G12-6->G11-6","exp(rate:ω)"
"G12-6->G11-7","exp(rate:sqrt(2)×ω)"
"G12-6->G12-5","exp(rate:ω)"
"G12-6->G12-7","exp(rate:ω)"
"G12-6->G13-5","exp(rate:sqrt(2)×ω)"
"G12-6->G13-6","exp(rate:ω)"
"G12-6->G13-7","exp(rate:sqrt(2)×ω)"
"G12-7->G11-6","exp(rate:sqrt(2)×ω)"
"G12-7->G11-7","exp(rate:ω)"
"G12-7->G11-8","exp(rate:sqrt(2)×ω)"
"G12-7->G12-6","exp(rate:ω)"
"G12-7->G12-8","exp(rate:ω)"
"G12-7->G13-6","exp(rate:sqrt(2)×ω)"
"G12-7->G13-7","exp(rate:ω)"
"G12-7->G13-8","exp(rate:sqrt(2)×ω)"
"G12-8->G11-7","exp(rate:sqrt(2)×ω)"
"G12-8->G11-8","exp(rate:ω)"
"G12-8->G11-9","exp(rate:sqrt(2)×ω)"
"G12-8->G12-7","exp(rate:ω)"
"G12-8->G12-9","exp(rate:ω)"
"G12-8->G13-7","exp(rate:sqrt(2)×ω)"
"G12-8->G13-8","exp(rate:ω)"
"G12-8->G13-9","exp(rate:sqrt(2)×ω)"
"G12-9->G11-8","exp(rate:sqrt(2)×ω)"
"G12-9->G11-9","exp(rate:ω)"
"G12-9->G11-10","exp(rate:sqrt(2)×ω)"
"G12-9->G12-8","exp(rate:ω)"
"G12-9->G12-10","exp(rate:ω)"
"G12-9->G13-8","exp(rate:sqrt(2)×ω)"
"G12-9->G13-9","exp(rate:ω)"
"G12-9->G13-10","exp(rate:sqrt(2)×ω)"
"G12-10->G11-9","exp(rate:sqrt(2)×ω)"
"G12-10->G11-10","exp(rate:ω)"
"G12-10->G11-11","exp(rate:sqrt(2)×ω)"
"G12-10->G12-9","exp(rate:ω)"
"G12-10->G12-11","exp(rate:ω)"
"G12-10->G13-9","exp(rate:sqrt(2)×ω)"
"G12-10->G13-10","exp(rate:ω)"
"G12-10->G13-11","exp(rate:sqrt(2)×ω)"
"G12-11->G11-10","exp(rate:sqrt(2)×ω)"
"G12-11->G11-11","exp(rate:ω)"
"G12-11->G11-12","exp(rate:sqrt(2)×ω)"
"G12-11->G12-10","exp(rate:ω)"
"G12-11->G12-12","exp(rate:ω)"
"G12-11->G13-10","exp(rate:sqrt(2)×ω)"
"G12-11->G13-11","exp(rate:ω)"
"G12-11->G13-12","exp(rate:sqrt(2)×ω)"
"G12-12->G11-11","exp(rate:sqrt(2)×ω)"
"G12-12->G11-12","exp(rate:ω)"
"G12-12->G11-13","exp(rate:sqrt(2)×ω)"
"G12-12->G12-11","exp(rate:ω)"
"G12-12->G12-13","exp(rate:ω)"
"G12-12->G13-11","exp(rate:sqrt(2)×ω)"
"G12-12->G13-12","exp(rate:ω)"
"G12-12->G13-13","exp(rate:sqrt(2)×ω)"
"G12-13->G11-12","exp(rate:sqrt(2)×ω)"
"G12-13->G11-13","exp(rate:ω)"
"G12-13->G11-14","exp(rate:sqrt(2)×ω)"
"G12-13->G12-12","exp(rate:ω)"
"G12-13->G12-14","exp(rate:ω)"
"G12-13->G13-12","exp(rate:sqrt(2)×ω)"
"G12-13->G13-13","exp(rate:ω)"
"G12-13->G13-14","exp(rate:sqrt(2)×ω)"
"G12-14->G11-13","exp(rate:sqrt(2)×ω)"
"G12-14->G11-14","exp(rate:ω)"
"G12-14->G11-15","exp(rate:sqrt(2)×ω)"
"G12-14->G12-13","exp(rate:ω)"
"G12-14->G12-15","exp(rate:ω)"
"G12-14->G13-13","exp(rate:sqrt(2)×ω)"
"G12-14->G13-14","exp(rate:ω)"
"G12-14->G13-15","exp(rate:sqrt(2)×ω)"
"G12-15->G11-14","exp(rate:sqrt(2)×ω)"
"G12-15->G11-15","exp(rate:ω)"
"G12-15->G11-16","exp(rate:sqrt(2)×ω)"
"G12-15->G12-14","exp(rate:ω)"
"G12-15->G12-16","exp(rate:ω)"
"G12-15->G13-14","exp(rate:sqrt(2)×ω)"
"G12-15->G13-15","exp(rate:ω)"
"G12-15->G13-16","exp(rate:sqrt(2)×ω)"
"G12-16->G11-15","exp(rate:sqrt(2)×ω)"
"G12-16->G11-16","exp(rate:ω)"
"G12-16->G11-17","exp(rate:sqrt(2)×ω)"
"G12-16->G12-15","exp(rate:ω)"
"G12-16->G12-17","exp(rate:ω)"
"G12-16->G13-15","exp(rate:sqrt(2)×ω)"
"G12-16->G13-16","exp(rate:ω)"
"G12-16->G13-17","exp(rate:sqrt(2)×ω)"
"G12-17->G11-16","exp(rate:sqrt(2)×ω)"
"G12-17->G11-17","exp(rate:ω)"
"G12-17->G11-18","exp(rate:sqrt(2)×ω)"
"G12-17->G12-16","exp(rate:ω)"
"G12-17->G12-18","exp(rate:ω)"
"G12-17->G13-16","exp(rate:sqrt(2)×ω)"
"G12-17->G13-17","exp(rate:ω)"
"G12-17->G13-18","exp(rate:sqrt(2)×ω)"
"G12-18->G11-17","exp(rate:sqrt(2)×ω)"
"G12-18->G11-18","exp(rate:ω)"
"G12-18->G11-19","exp(rate:sqrt(2)×ω)"
"G12-18->G12-17","exp(rate:ω)"
"G12-18->G12-19","exp(rate:ω)"
"G12-18->G13-17","exp(rate:sqrt(2)×ω)"
"G12-18->G13-18","exp(rate:ω)"
"G12-18->G13-19","exp(rate:sqrt(2)×ω)"
"G12-19->G11-18","exp(rate:sqrt(2)×ω)"
"G12-19->G11-19","exp(rate:ω)"
"G12-19->G11-20","exp(rate:sqrt(2)×ω)"
"G12-19->G12-18","exp(rate:ω)"
"G12-19->G12-20","exp(rate:ω)"
"G12-19->G13-18","exp(rate:sqrt(2)×ω)"
"G12-19->G13-19","exp(rate:ω)"
"G12-19->G13-20","exp(rate:sqrt(2)×ω)"
"G12-20->G11-19","exp(rate:sqrt(2)×ω)"
"G12-20->G11-20","exp(rate:ω)"
"G12-20->G12-19","exp(rate:ω)"
"G12-20->G13-19","exp(rate:sqrt(2)×ω)"
"G12-20->G13-20","exp(rate:ω)"
"G13-1->G12-1","exp(rate:ω)"
"G13-1->G12-2","exp(rate:sqrt(2)×ω)"
"G13-1->G13-2","exp(rate:ω)"
"G13-1->G14-1","exp(rate:ω)"
"G13-1->G14-2","exp(rate:sqrt(2)×ω)"
"G13-2->G12-1","exp(rate:sqrt(2)×ω)"
"G13-2->G12-2","exp(rate:ω)"
"G13-2->G12-3","exp(rate:sqrt(2)×ω)"
"G13-2->G13-1","exp(rate:ω)"
"G13-2->G13-3","exp(rate:ω)"
"G13-2->G14-1","exp(rate:sqrt(2)×ω)"
"G13-2->G14-2","exp(rate:ω)"
"G13-2->G14-3","exp(rate:sqrt(2)×ω)"
"G13-3->G12-2","exp(rate:sqrt(2)×ω)"
"G13-3->G12-3","exp(rate:ω)"
"G13-3->G12-4","exp(rate:sqrt(2)×ω)"
"G13-3->G13-2","exp(rate:ω)"
"G13-3->G13-4","exp(rate:ω)"
"G13-3->G14-2","exp(rate:sqrt(2)×ω)"
"G13-3->G14-3","exp(rate:ω)"
"G13-3->G14-4","exp(rate:sqrt(2)×ω)"
"G13-4->G12-3","exp(rate:sqrt(2)×ω)"
"G13-4->G12-4","exp(rate:ω)"
"G13-4->G12-5","exp(rate:sqrt(2)×ω)"
"G13-4->G13-3","exp(rate:ω)"
"G13-4->G13-5","exp(rate:ω)"
"G13-4->G14-3","exp(rate:sqrt(2)×ω)"
"G13-4->G14-4","exp(rate:ω)"
"G13-4->G14-5","exp(rate:sqrt(2)×ω)"
"G13-5->G12-4","exp(rate:sqrt(2)×ω)"
"G13-5->G12-5","exp(rate:ω)"
"G13-5->G12-6","exp(rate:sqrt(2)×ω)"
"G13-5->G13-4","exp(rate:ω)"
"G13-5->G13-6","exp(rate:ω)"
"G13-5->G14-4","exp(rate:sqrt(2)×ω)"
"G13-5->G14-5","exp(rate:ω)"
"G13-5->G14-6","exp(rate:sqrt(2)×ω)"
"G13-6->G12-5","exp(rate:sqrt(2)×ω)"
"G13-6->G12-6","exp(rate:ω)"
"G13-6->G12-7","exp(rate:sqrt(2)×ω)"
"G13-6->G13-5","exp(rate:ω)"
"G13-6->G13-7","exp(rate:ω)"
"G13-6->G14-5","exp(rate:sqrt(2)×ω)"
"G13-6->G14-6","exp(rate:ω)"
"G13-6->G14-7","exp(rate:sqrt(2)×ω)"
"G13-7->G12-6","exp(rate:sqrt(2)×ω)"
"G13-7->G12-7","exp(rate:ω)"
"G13-7->G12-8","exp(rate:sqrt(2)×ω)"
"G13-7->G13-6","exp(rate:ω)"
"G13-7->G13-8","exp(rate:ω)"
"G13-7->G14-6","exp(rate:sqrt(2)×ω)"
"G13-7->G14-7","exp(rate:ω)"
"G13-7->G14-8","exp(rate:sqrt(2)×ω)"
"G13-8->G12-7","exp(rate:sqrt(2)×ω)"
"G13-8->G12-8","exp(rate:ω)"
"G13-8->G12-9","exp(rate:sqrt(2)×ω)"
"G13-8->G13-7","exp(rate:ω)"
"G13-8->G13-9","exp(rate:ω)"
"G13-8->G14-7","exp(rate:sqrt(2)×ω)"
"G13-8->G14-8","exp(rate:ω)"
"G13-8->G14-9","exp(rate:sqrt(2)×ω)"
"G13-9->G12-8","exp(rate:sqrt(2)×ω)"
"G13-9->G12-9","exp(rate:ω)"
"G13-9->G12-10","exp(rate:sqrt(2)×ω)"
"G13-9->G13-8","exp(rate:ω)"
"G13-9->G13-10","exp(rate:ω)"
"G13-9->G14-8","exp(rate:sqrt(2)×ω)"
"G13-9->G14-9","exp(rate:ω)"
"G13-9->G14-10","exp(rate:sqrt(2)×ω)"
"G13-10->G12-9","exp(rate:sqrt(2)×ω)"
"G13-10->G12-10","exp(rate:ω)"
"G13-10->G12-11","exp(rate:sqrt(2)×ω)"
"G13-10->G13-9","exp(rate:ω)"
"G13-10->G13-11","exp(rate:ω)"
"G13-10->G14-9","exp(rate:sqrt(2)×ω)"
"G13-10->G14-10","exp(rate:ω)"
"G13-10->G14-11","exp(rate:sqrt(2)×ω)"
"G13-11->G12-10","exp(rate:sqrt(2)×ω)"
"G13-11->G12-11","exp(rate:ω)"
"G13-11->G12-12","exp(rate:sqrt(2)×ω)"
"G13-11->G13-10","exp(rate:ω)"
"G13-11->G13-12","exp(rate:ω)"
"G13-11->G14-10","exp(rate:sqrt(2)×ω)"
"G13-11->G14-11","exp(rate:ω)"
"G13-11->G14-12","exp(rate:sqrt(2)×ω)"
"G13-12->G12-11","exp(rate:sqrt(2)×ω)"
"G13-12->G12-12","exp(rate:ω)"
"G13-12->G12-13","exp(rate:sqrt(2)×ω)"
"G13-12->G13-11","exp(rate:ω)"
"G13-12->G13-13","exp(rate:ω)"
"G13-12->G14-11","exp(rate:sqrt(2)×ω)"
"G13-12->G14-12","exp(rate:ω)"
"G13-12->G14-13","exp(rate:sqrt(2)×ω)"
"G13-13->G12-12","exp(rate:sqrt(2)×ω)"
"G13-13->G12-13","exp(rate:ω)"
"G13-13->G12-14","exp(rate:sqrt(2)×ω)"
"G13-13->G13-12","exp(rate:ω)"
"G13-13->G13-14","exp(rate:ω)"
"G13-13->G14-12","exp(rate:sqrt(2)×ω)"
"G13-13->G14-13","exp(rate:ω)"
"G13-13->G14-14","exp(rate:sqrt(2)×ω)"
"G13-14->G12-13","exp(rate:sqrt(2)×ω)"
"G13-14->G12-14","exp(rate:ω)"
"G13-14->G12-15","exp(rate:sqrt(2)×ω)"
"G13-14->G13-13","exp(rate:ω)"
"G13-14->G13-15","exp(rate:ω)"
"G13-14->G14-13","exp(rate:sqrt(2)×ω)"
"G13-14->G14-14","exp(rate:ω)"
"G13-14->G14-15","exp(rate:sqrt(2)×ω)"
"G13-15->G12-14","exp(rate:sqrt(2)×ω)"
"G13-15->G12-15","exp(rate:ω)"
"G13-15->G12-16","exp(rate:sqrt(2)×ω)"
"G13-15->G13-14","exp(rate:ω)"
"G13-15->G13-16","exp(rate:ω)"
"G13-15->G14-14","exp(rate:sqrt(2)×ω)"
"G13-15->G14-15","exp(rate:ω)"
"G13-15->G14-16","exp(rate:sqrt(2)×ω)"
"G13-16->G12-15","exp(rate:sqrt(2)×ω)"
"G13-16->G12-16","exp(rate:ω)"
"G13-16->G12-17","exp(rate:sqrt(2)×ω)"
"G13-16->G13-15","exp(rate:ω)"
"G13-16->G13-17","exp(rate:ω)"
"G13-16->G14-15","exp(rate:sqrt(2)×ω)"
"G13-16->G14-16","exp(rate:ω)"
"G13-16->G14-17","exp(rate:sqrt(2)×ω)"
"G13-17->G12-16","exp(rate:sqrt(2)×ω)"
"G13-17->G12-17","exp(rate:ω)"
"G13-17->G12-18","exp(rate:sqrt(2)×ω)"
"G13-17->G13-16","exp(rate:ω)"
"G13-17->G13-18","exp(rate:ω)"
"G13-17->G14-16","exp(rate:sqrt(2)×ω)"
"G13-17->G14-17","exp(rate:ω)"
"G13-17->G14-18","exp(rate:sqrt(2)×ω)"
"G13-18->G12-17","exp(rate:sqrt(2)×ω)"
"G13-18->G12-18","exp(rate:ω)"
"G13-18->G12-19","exp(rate:sqrt(2)×ω)"
"G13-18->G13-17","exp(rate:ω)"
"G13-18->G13-19","exp(rate:ω)"
"G13-18->G14-17","exp(rate:sqrt(2)×ω)"
"G13-18->G14-18","exp(rate:ω)"
"G13-18->G14-19","exp(rate:sqrt(2)×ω)"
"G13-19->G12-18","exp(rate:sqrt(2)×ω)"
"G13-19->G12-19","exp(rate:ω)"
"G13-19->G12-20","exp(rate:sqrt(2)×ω)"
"G13-19->G13-18","exp(rate:ω)"
"G13-19->G13-20","exp(rate:ω)"
"G13-19->G14-18","exp(rate:sqrt(2)×ω)"
"G13-19->G14-19","exp(rate:ω)"
"G13-19->G14-20","exp(rate:sqrt(2)×ω)"
"G13-20->G12-19","exp(rate:sqrt(2)×ω)"
"G13-20->G12-20","exp(rate:ω)"
"G13-20->G13-19","exp(rate:ω)"
"G13-20->G14-19","exp(rate:sqrt(2)×ω)"
"G13-20->G14-20","exp(rate:ω)"
"G14-1->G13-1","exp(rate:ω)"
"G14-1->G13-2","exp(rate:sqrt(2)×ω)"
"G14-1->G14-2","exp(rate:ω)"
"G14-1->G15-1","exp(rate:ω)"
"G14-1->G15-2","exp(rate:sqrt(2)×ω)"
"G14-2->G13-1","exp(rate:sqrt(2)×ω)"
"G14-2->G13-2","exp(rate:ω)"
"G14-2->G13-3","exp(rate:sqrt(2)×ω)"
"G14-2->G14-1","exp(rate:ω)"
"G14-2->G14-3","exp(rate:ω)"
"G14-2->G15-1","exp(rate:sqrt(2)×ω)"
"G14-2->G15-2","exp(rate:ω)"
"G14-2->G15-3","exp(rate:sqrt(2)×ω)"
"G14-3->G13-2","exp(rate:sqrt(2)×ω)"
"G14-3->G13-3","exp(rate:ω)"
"G14-3->G13-4","exp(rate:sqrt(2)×ω)"
"G14-3->G14-2","exp(rate:ω)"
"G14-3->G14-4","exp(rate:ω)"
"G14-3->G15-2","exp(rate:sqrt(2)×ω)"
"G14-3->G15-3","exp(rate:ω)"
"G14-3->G15-4","exp(rate:sqrt(2)×ω)"
"G14-4->G13-3","exp(rate:sqrt(2)×ω)"
"G14-4->G13-4","exp(rate:ω)"
"G14-4->G13-5","exp(rate:sqrt(2)×ω)"
"G14-4->G14-3","exp(rate:ω)"
"G14-4->G14-5","exp(rate:ω)"
"G14-4->G15-3","exp(rate:sqrt(2)×ω)"
"G14-4->G15-4","exp(rate:ω)"
"G14-4->G15-5","exp(rate:sqrt(2)×ω)"
"G14-5->G13-4","exp(rate:sqrt(2)×ω)"
"G14-5->G13-5","exp(rate:ω)"
"G14-5->G13-6","exp(rate:sqrt(2)×ω)"
"G14-5->G14-4","exp(rate:ω)"
"G14-5->G14-6","exp(rate:ω)"
"G14-5->G15-4","exp(rate:sqrt(2)×ω)"
"G14-5->G15-5","exp(rate:ω)"
"G14-5->G15-6","exp(rate:sqrt(2)×ω)"
"G14-6->G13-5","exp(rate:sqrt(2)×ω)"
"G14-6->G13-6","exp(rate:ω)"
"G14-6->G13-7","exp(rate:sqrt(2)×ω)"
"G14-6->G14-5","exp(rate:ω)"
"G14-6->G14-7","exp(rate:ω)"
"G14-6->G15-5","exp(rate:sqrt(2)×ω)"
"G14-6->G15-6","exp(rate:ω)"
"G14-6->G15-7","exp(rate:sqrt(2)×ω)"
"G14-7->G13-6","exp(rate:sqrt(2)×ω)"
"G14-7->G13-7","exp(rate:ω)"
"G14-7->G13-8","exp(rate:sqrt(2)×ω)"
"G14-7->G14-6","exp(rate:ω)"
"G14-7->G14-8","exp(rate:ω)"
"G14-7->G15-6","exp(rate:sqrt(2)×ω)"
"G14-7->G15-7","exp(rate:ω)"
"G14-7->G15-8","exp(rate:sqrt(2)×ω)"
"G14-8->G13-7","exp(rate:sqrt(2)×ω)"
"G14-8->G13-8","exp(rate:ω)"
"G14-8->G13-9","exp(rate:sqrt(2)×ω)"
"G14-8->G14-7","exp(rate:ω)"
"G14-8->G14-9","exp(rate:ω)"
"G14-8->G15-7","exp(rate:sqrt(2)×ω)"
"G14-8->G15-8","exp(rate:ω)"
"G14-8->G15-9","exp(rate:sqrt(2)×ω)"
"G14-9->G13-8","exp(rate:sqrt(2)×ω)"
"G14-9->G13-9","exp(rate:ω)"
"G14-9->G13-10","exp(rate:sqrt(2)×ω)"
"G14-9->G14-8","exp(rate:ω)"
"G14-9->G14-10","exp(rate:ω)"
"G14-9->G15-8","exp(rate:sqrt(2)×ω)"
"G14-9->G15-9","exp(rate:ω)"
"G14-9->G15-10","exp(rate:sqrt(2)×ω)"
"G14-10->G13-9","exp(rate:sqrt(2)×ω)"
"G14-10->G13-10","exp(rate:ω)"
"G14-10->G13-11","exp(rate:sqrt(2)×ω)"
"G14-10->G14-9","exp(rate:ω)"
"G14-10->G14-11","exp(rate:ω)"
"G14-10->G15-9","exp(rate:sqrt(2)×ω)"
"G14-10->G15-10","exp(rate:ω)"
"G14-10->G15-11","exp(rate:sqrt(2)×ω)"
"G14-11->G13-10","exp(rate:sqrt(2)×ω)"
"G14-11->G13-11","exp(rate:ω)"
"G14-11->G13-12","exp(rate:sqrt(2)×ω)"
"G14-11->G14-10","exp(rate:ω)"
"G14-11->G14-12","exp(rate:ω)"
"G14-11->G15-10","exp(rate:sqrt(2)×ω)"
"G14-11->G15-11","exp(rate:ω)"
"G14-11->G15-12","exp(rate:sqrt(2)×ω)"
"G14-12->G13-11","exp(rate:sqrt(2)×ω)"
"G14-12->G13-12","exp(rate:ω)"
"G14-12->G13-13","exp(rate:sqrt(2)×ω)"
"G14-12->G14-11","exp(rate:ω)"
"G14-12->G14-13","exp(rate:ω)"
"G14-12->G15-11","exp(rate:sqrt(2)×ω)"
"G14-12->G15-12","exp(rate:ω)"
"G14-12->G15-13","exp(rate:sqrt(2)×ω)"
"G14-13->G13-12","exp(rate:sqrt(2)×ω)"
"G14-13->G13-13","exp(rate:ω)"
"G14-13->G13-14","exp(rate:sqrt(2)×ω)"
"G14-13->G14-12","exp(rate:ω)"
"G14-13->G14-14","exp(rate:ω)"
"G14-13->G15-12","exp(rate:sqrt(2)×ω)"
"G14-13->G15-13","exp(rate:ω)"
"G14-13->G15-14","exp(rate:sqrt(2)×ω)"
"G14-14->G13-13","exp(rate:sqrt(2)×ω)"
"G14-14->G13-14","exp(rate:ω)"
"G14-14->G13-15","exp(rate:sqrt(2)×ω)"
"G14-14->G14-13","exp(rate:ω)"
"G14-14->G14-15","exp(rate:ω)"
"G14-14->G15-13","exp(rate:sqrt(2)×ω)"
"G14-14->G15-14","exp(rate:ω)"
"G14-14->G15-15","exp(rate:sqrt(2)×ω)"
"G14-15->G13-14","exp(rate:sqrt(2)×ω)"
"G14-15->G13-15","exp(rate:ω)"
"G14-15->G13-16","exp(rate:sqrt(2)×ω)"
"G14-15->G14-14","exp(rate:ω)"
"G14-15->G14-16","exp(rate:ω)"
"G14-15->G15-14","exp(rate:sqrt(2)×ω)"
"G14-15->G15-15","exp(rate:ω)"
"G14-15->G15-16","exp(rate:sqrt(2)×ω)"
"G14-16->G13-15","exp(rate:sqrt(2)×ω)"
"G14-16->G13-16","exp(rate:ω)"
"G14-16->G13-17","exp(rate:sqrt(2)×ω)"
"G14-16->G14-15","exp(rate:ω)"
"G14-16->G14-17","exp(rate:ω)"
"G14-16->G15-15","exp(rate:sqrt(2)×ω)"
"G14-16->G15-16","exp(rate:ω)"
"G14-16->G15-17","exp(rate:sqrt(2)×ω)"
"G14-17->G13-16","exp(rate:sqrt(2)×ω)"
"G14-17->G13-17","exp(rate:ω)"
"G14-17->G13-18","exp(rate:sqrt(2)×ω)"
"G14-17->G14-16","exp(rate:ω)"
"G14-17->G14-18","exp(rate:ω)"
"G14-17->G15-16","exp(rate:sqrt(2)×ω)"
"G14-17->G15-17","exp(rate:ω)"
"G14-17->G15-18","exp(rate:sqrt(2)×ω)"
"G14-18->G13-17","exp(rate:sqrt(2)×ω)"
"G14-18->G13-18","exp(rate:ω)"
"G14-18->G13-19","exp(rate:sqrt(2)×ω)"
"G14-18->G14-17","exp(rate:ω)"
"G14-18->G14-19","exp(rate:ω)"
"G14-18->G15-17","exp(rate:sqrt(2)×ω)"
"G14-18->G15-18","exp(rate:ω)"
"G14-18->G15-19","exp(rate:sqrt(2)×ω)"
"G14-19->G13-18","exp(rate:sqrt(2)×ω)"
"G14-19->G13-19","exp(rate:ω)"
"G14-19->G13-20","exp(rate:sqrt(2)×ω)"
"G14-19->G14-18","exp(rate:ω)"
"G14-19->G14-20","exp(rate:ω)"
"G14-19->G15-18","exp(rate:sqrt(2)×ω)"
"G14-19->G15-19","exp(rate:ω)"
"G14-19->G15-20","exp(rate:sqrt(2)×ω)"
"G14-20->G13-19","exp(rate:sqrt(2)×ω)"
"G14-20->G13-20","exp(rate:ω)"
"G14-20->G14-19","exp(rate:ω)"
"G14-20->G15-19","exp(rate:sqrt(2)×ω)"
"G14-20->G15-20","exp(rate:ω)"
"G15-1->G14-1","exp(rate:ω)"
"G15-1->G14-2","exp(rate:sqrt(2)×ω)"
"G15-1->G15-2","exp(rate:ω)"
"G15-1->G16-1","exp(rate:ω)"
"G15-1->G16-2","exp(rate:sqrt(2)×ω)"
"G15-2->G14-1","exp(rate:sqrt(2)×ω)"
"G15-2->G14-2","exp(rate:ω)"
"G15-2->G14-3","exp(rate:sqrt(2)×ω)"
"G15-2->G15-1","exp(rate:ω)"
"G15-2->G15-3","exp(rate:ω)"
"G15-2->G16-1","exp(rate:sqrt(2)×ω)"
"G15-2->G16-2","exp(rate:ω)"
"G15-2->G16-3","exp(rate:sqrt(2)×ω)"
"G15-3->G14-2","exp(rate:sqrt(2)×ω)"
"G15-3->G14-3","exp(rate:ω)"
"G15-3->G14-4","exp(rate:sqrt(2)×ω)"
"G15-3->G15-2","exp(rate:ω)"
"G15-3->G15-4","exp(rate:ω)"
"G15-3->G16-2","exp(rate:sqrt(2)×ω)"
"G15-3->G16-3","exp(rate:ω)"
"G15-3->G16-4","exp(rate:sqrt(2)×ω)"
"G15-4->G14-3","exp(rate:sqrt(2)×ω)"
"G15-4->G14-4","exp(rate:ω)"
"G15-4->G14-5","exp(rate:sqrt(2)×ω)"
"G15-4->G15-3","exp(rate:ω)"
"G15-4->G15-5","exp(rate:ω)"
"G15-4->G16-3","exp(rate:sqrt(2)×ω)"
"G15-4->G16-4","exp(rate:ω)"
"G15-4->G16-5","exp(rate:sqrt(2)×ω)"
"G15-5->G14-4","exp(rate:sqrt(2)×ω)"
"G15-5->G14-5","exp(rate:ω)"
"G15-5->G14-6","exp(rate:sqrt(2)×ω)"
"G15-5->G15-4","exp(rate:ω)"
"G15-5->G15-6","exp(rate:ω)"
"G15-5->G16-4","exp(rate:sqrt(2)×ω)"
"G15-5->G16-5","exp(rate:ω)"
"G15-5->G16-6","exp(rate:sqrt(2)×ω)"
"G15-6->G14-5","exp(rate:sqrt(2)×ω)"
"G15-6->G14-6","exp(rate:ω)"
"G15-6->G14-7","exp(rate:sqrt(2)×ω)"
"G15-6->G15-5","exp(rate:ω)"
"G15-6->G15-7","exp(rate:ω)"
"G15-6->G16-5","exp(rate:sqrt(2)×ω)"
"G15-6->G16-6","exp(rate:ω)"
"G15-6->G16-7","exp(rate:sqrt(2)×ω)"
"G15-7->G14-6","exp(rate:sqrt(2)×ω)"
"G15-7->G14-7","exp(rate:ω)"
"G15-7->G14-8","exp(rate:sqrt(2)×ω)"
"G15-7->G15-6","exp(rate:ω)"
"G15-7->G15-8","exp(rate:ω)"
"G15-7->G16-6","exp(rate:sqrt(2)×ω)"
"G15-7->G16-7","exp(rate:ω)"
"G15-7->G16-8","exp(rate:sqrt(2)×ω)"
"G15-8->G14-7","exp(rate:sqrt(2)×ω)"
"G15-8->G14-8","exp(rate:ω)"
"G15-8->G14-9","exp(rate:sqrt(2)×ω)"
"G15-8->G15-7","exp(rate:ω)"
"G15-8->G15-9","exp(rate:ω)"
"G15-8->G16-7","exp(rate:sqrt(2)×ω)"
"G15-8->G16-8","exp(rate:ω)"
"G15-8->G16-9","exp(rate:sqrt(2)×ω)"
"G15-9->G14-8","exp(rate:sqrt(2)×ω)"
"G15-9->G14-9","exp(rate:ω)"
"G15-9->G14-10","exp(rate:sqrt(2)×ω)"
"G15-9->G15-8","exp(rate:ω)"
"G15-9->G15-10","exp(rate:ω)"
"G15-9->G16-8","exp(rate:sqrt(2)×ω)"
"G15-9->G16-9","exp(rate:ω)"
"G15-9->G16-10","exp(rate:sqrt(2)×ω)"
"G15-10->G14-9","exp(rate:sqrt(2)×ω)"
"G15-10->G14-10","exp(rate:ω)"
"G15-10->G14-11","exp(rate:sqrt(2)×ω)"
"G15-10->G15-9","exp(rate:ω)"
"G15-10->G15-11","exp(rate:ω)"
"G15-10->G16-9","exp(rate:sqrt(2)×ω)"
"G15-10->G16-10","exp(rate:ω)"
"G15-10->G16-11","exp(rate:sqrt(2)×ω)"
"G15-11->G14-10","exp(rate:sqrt(2)×ω)"
"G15-11->G14-11","exp(rate:ω)"
"G15-11->G14-12","exp(rate:sqrt(2)×ω)"
"G15-11->G15-10","exp(rate:ω)"
"G15-11->G15-12","exp(rate:ω)"
"G15-11->G16-10","exp(rate:sqrt(2)×ω)"
"G15-11->G16-11","exp(rate:ω)"
"G15-11->G16-12","exp(rate:sqrt(2)×ω)"
"G15-12->G14-11","exp(rate:sqrt(2)×ω)"
"G15-12->G14-12","exp(rate:ω)"
"G15-12->G14-13","exp(rate:sqrt(2)×ω)"
"G15-12->G15-11","exp(rate:ω)"
"G15-12->G15-13","exp(rate:ω)"
"G15-12->G16-11","exp(rate:sqrt(2)×ω)"
"G15-12->G16-12","exp(rate:ω)"
"G15-12->G16-13","exp(rate:sqrt(2)×ω)"
"G15-13->G14-12","exp(rate:sqrt(2)×ω)"
"G15-13->G14-13","exp(rate:ω)"
"G15-13->G14-14","exp(rate:sqrt(2)×ω)"
"G15-13->G15-12","exp(rate:ω)"
"G15-13->G15-14","exp(rate:ω)"
"G15-13->G16-12","exp(rate:sqrt(2)×ω)"
"G15-13->G16-13","exp(rate:ω)"
"G15-13->G16-14","exp(rate:sqrt(2)×ω)"
"G15-14->G14-13","exp(rate:sqrt(2)×ω)"
"G15-14->G14-14","exp(rate:ω)"
"G15-14->G14-15","exp(rate:sqrt(2)×ω)"
"G15-14->G15-13","exp(rate:ω)"
"G15-14->G15-15","exp(rate:ω)"
"G15-14->G16-13","exp(rate:sqrt(2)×ω)"
"G15-14->G16-14","exp(rate:ω)"
"G15-14->G16-15","exp(rate:sqrt(2)×ω)"
"G15-15->G14-14","exp(rate:sqrt(2)×ω)"
"G15-15->G14-15","exp(rate:ω)"
"G15-15->G14-16","exp(rate:sqrt(2)×ω)"
"G15-15->G15-14","exp(rate:ω)"
"G15-15->G15-16","exp(rate:ω)"
"G15-15->G16-14","exp(rate:sqrt(2)×ω)"
"G15-15->G16-15","exp(rate:ω)"
"G15-15->G16-16","exp(rate:sqrt(2)×ω)"
"G15-16->G14-15","exp(rate:sqrt(2)×ω)"
"G15-16->G14-16","exp(rate:ω)"
"G15-16->G14-17","exp(rate:sqrt(2)×ω)"
"G15-16->G15-15","exp(rate:ω)"
"G15-16->G15-17","exp(rate:ω)"
"G15-16->G16-15","exp(rate:sqrt(2)×ω)"
"G15-16->G16-16","exp(rate:ω)"
"G15-16->G16-17","exp(rate:sqrt(2)×ω)"
"G15-17->G14-16","exp(rate:sqrt(2)×ω)"
"G15-17->G14-17","exp(rate:ω)"
"G15-17->G14-18","exp(rate:sqrt(2)×ω)"
"G15-17->G15-16","exp(rate:ω)"
"G15-17->G15-18","exp(rate:ω)"
"G15-17->G16-16","exp(rate:sqrt(2)×ω)"
"G15-17->G16-17","exp(rate:ω)"
"G15-17->G16-18","exp(rate:sqrt(2)×ω)"
"G15-18->G14-17","exp(rate:sqrt(2)×ω)"
"G15-18->G14-18","exp(rate:ω)"
"G15-18->G14-19","exp(rate:sqrt(2)×ω)"
"G15-18->G15-17","exp(rate:ω)"
"G15-18->G15-19","exp(rate:ω)"
"G15-18->G16-17","exp(rate:sqrt(2)×ω)"
"G15-18->G16-18","exp(rate:ω)"
"G15-18->G16-19","exp(rate:sqrt(2)×ω)"
"G15-19->G14-18","exp(rate:sqrt(2)×ω)"
"G15-19->G14-19","exp(rate:ω)"
"G15-19->G14-20","exp(rate:sqrt(2)×ω)"
"G15-19->G15-18","exp(rate:ω)"
"G15-19->G15-20","exp(rate:ω)"
"G15-19->G16-18","exp(rate:sqrt(2)×ω)"
"G15-19->G16-19","exp(rate:ω)"
"G15-19->G16-20","exp(rate:sqrt(2)×ω)"
"G15-20->G14-19","exp(rate:sqrt(2)×ω)"
"G15-20->G14-20","exp(rate:ω)"
"G15-20->G15-19","exp(rate:ω)"
"G15-20->G16-19","exp(rate:sqrt(2)×ω)"
"G15-20->G16-20","exp(rate:ω)"
"G16-1->G15-1","exp(rate:ω)"
"G16-1->G15-2","exp(rate:sqrt(2)×ω)"
"G16-1->G16-2","exp(rate:ω)"
"G16-1->G17-1","exp(rate:ω)"
"G16-1->G17-2","exp(rate:sqrt(2)×ω)"
"G16-2->G15-1","exp(rate:sqrt(2)×ω)"
"G16-2->G15-2","exp(rate:ω)"
"G16-2->G15-3","exp(rate:sqrt(2)×ω)"
"G16-2->G16-1","exp(rate:ω)"
"G16-2->G16-3","exp(rate:ω)"
"G16-2->G17-1","exp(rate:sqrt(2)×ω)"
"G16-2->G17-2","exp(rate:ω)"
"G16-2->G17-3","exp(rate:sqrt(2)×ω)"
"G16-3->G15-2","exp(rate:sqrt(2)×ω)"
"G16-3->G15-3","exp(rate:ω)"
"G16-3->G15-4","exp(rate:sqrt(2)×ω)"
"G16-3->G16-2","exp(rate:ω)"
"G16-3->G16-4","exp(rate:ω)"
"G16-3->G17-2","exp(rate:sqrt(2)×ω)"
"G16-3->G17-3","exp(rate:ω)"
"G16-3->G17-4","exp(rate:sqrt(2)×ω)"
"G16-4->G15-3","exp(rate:sqrt(2)×ω)"
"G16-4->G15-4","exp(rate:ω)"
"G16-4->G15-5","exp(rate:sqrt(2)×ω)"
"G16-4->G16-3","exp(rate:ω)"
"G16-4->G16-5","exp(rate:ω)"
"G16-4->G17-3","exp(rate:sqrt(2)×ω)"
"G16-4->G17-4","exp(rate:ω)"
"G16-4->G17-5","exp(rate:sqrt(2)×ω)"
"G16-5->G15-4","exp(rate:sqrt(2)×ω)"
"G16-5->G15-5","exp(rate:ω)"
"G16-5->G15-6","exp(rate:sqrt(2)×ω)"
"G16-5->G16-4","exp(rate:ω)"
"G16-5->G16-6","exp(rate:ω)"
"G16-5->G17-4","exp(rate:sqrt(2)×ω)"
"G16-5->G17-5","exp(rate:ω)"
"G16-5->G17-6","exp(rate:sqrt(2)×ω)"
"G16-6->G15-5","exp(rate:sqrt(2)×ω)"
"G16-6->G15-6","exp(rate:ω)"
"G16-6->G15-7","exp(rate:sqrt(2)×ω)"
"G16-6->G16-5","exp(rate:ω)"
"G16-6->G16-7","exp(rate:ω)"
"G16-6->G17-5","exp(rate:sqrt(2)×ω)"
"G16-6->G17-6","exp(rate:ω)"
"G16-6->G17-7","exp(rate:sqrt(2)×ω)"
"G16-7->G15-6","exp(rate:sqrt(2)×ω)"
"G16-7->G15-7","exp(rate:ω)"
"G16-7->G15-8","exp(rate:sqrt(2)×ω)"
"G16-7->G16-6","exp(rate:ω)"
"G16-7->G16-8","exp(rate:ω)"
"G16-7->G17-6","exp(rate:sqrt(2)×ω)"
"G16-7->G17-7","exp(rate:ω)"
"G16-7->G17-8","exp(rate:sqrt(2)×ω)"
"G16-8->G15-7","exp(rate:sqrt(2)×ω)"
"G16-8->G15-8","exp(rate:ω)"
"G16-8->G15-9","exp(rate:sqrt(2)×ω)"
"G16-8->G16-7","exp(rate:ω)"
"G16-8->G16-9","exp(rate:ω)"
"G16-8->G17-7","exp(rate:sqrt(2)×ω)"
"G16-8->G17-8","exp(rate:ω)"
"G16-8->G17-9","exp(rate:sqrt(2)×ω)"
"G16-9->G15-8","exp(rate:sqrt(2)×ω)"
"G16-9->G15-9","exp(rate:ω)"
"G16-9->G15-10","exp(rate:sqrt(2)×ω)"
"G16-9->G16-8","exp(rate:ω)"
"G16-9->G16-10","exp(rate:ω)"
"G16-9->G17-8","exp(rate:sqrt(2)×ω)"
"G16-9->G17-9","exp(rate:ω)"
"G16-9->G17-10","exp(rate:sqrt(2)×ω)"
"G16-10->G15-9","exp(rate:sqrt(2)×ω)"
"G16-10->G15-10","exp(rate:ω)"
"G16-10->G15-11","exp(rate:sqrt(2)×ω)"
"G16-10->G16-9","exp(rate:ω)"
"G16-10->G16-11","exp(rate:ω)"
"G16-10->G17-9","exp(rate:sqrt(2)×ω)"
"G16-10->G17-10","exp(rate:ω)"
"G16-10->G17-11","exp(rate:sqrt(2)×ω)"
"G16-11->G15-10","exp(rate:sqrt(2)×ω)"
"G16-11->G15-11","exp(rate:ω)"
"G16-11->G15-12","exp(rate:sqrt(2)×ω)"
"G16-11->G16-10","exp(rate:ω)"
"G16-11->G16-12","exp(rate:ω)"
"G16-11->G17-10","exp(rate:sqrt(2)×ω)"
"G16-11->G17-11","exp(rate:ω)"
"G16-11->G17-12","exp(rate:sqrt(2)×ω)"
"G16-12->G15-11","exp(rate:sqrt(2)×ω)"
"G16-12->G15-12","exp(rate:ω)"
"G16-12->G15-13","exp(rate:sqrt(2)×ω)"
"G16-12->G16-11","exp(rate:ω)"
"G16-12->G16-13","exp(rate:ω)"
"G16-12->G17-11","exp(rate:sqrt(2)×ω)"
"G16-12->G17-12","exp(rate:ω)"
"G16-12->G17-13","exp(rate:sqrt(2)×ω)"
"G16-13->G15-12","exp(rate:sqrt(2)×ω)"
"G16-13->G15-13","exp(rate:ω)"
"G16-13->G15-14","exp(rate:sqrt(2)×ω)"
"G16-13->G16-12","exp(rate:ω)"
"G16-13->G16-14","exp(rate:ω)"
"G16-13->G17-12","exp(rate:sqrt(2)×ω)"
"G16-13->G17-13","exp(rate:ω)"
"G16-13->G17-14","exp(rate:sqrt(2)×ω)"
"G16-14->G15-13","exp(rate:sqrt(2)×ω)"
"G16-14->G15-14","exp(rate:ω)"
"G16-14->G15-15","exp(rate:sqrt(2)×ω)"
"G16-14->G16-13","exp(rate:ω)"
"G16-14->G16-15","exp(rate:ω)"
"G16-14->G17-13","exp(rate:sqrt(2)×ω)"
"G16-14->G17-14","exp(rate:ω)"
"G16-14->G17-15","exp(rate:sqrt(2)×ω)"
"G16-15->G15-14","exp(rate:sqrt(2)×ω)"
"G16-15->G15-15","exp(rate:ω)"
"G16-15->G15-16","exp(rate:sqrt(2)×ω)"
"G16-15->G16-14","exp(rate:ω)"
"G16-15->G16-16","exp(rate:ω)"
"G16-15->G17-14","exp(rate:sqrt(2)×ω)"
"G16-15->G17-15","exp(rate:ω)"
"G16-15->G17-16","exp(rate:sqrt(2)×ω)"
"G16-16->G15-15","exp(rate:sqrt(2)×ω)"
"G16-16->G15-16","exp(rate:ω)"
"G16-16->G15-17","exp(rate:sqrt(2)×ω)"
"G16-16->G16-15","exp(rate:ω)"
"G16-16->G16-17","exp(rate:ω)"
"G16-16->G17-15","exp(rate:sqrt(2)×ω)"
"G16-16->G17-16","exp(rate:ω)"
"G16-16->G17-17","exp(rate:sqrt(2)×ω)"
"G16-17->G15-16","exp(rate:sqrt(2)×ω)"
"G16-17->G15-17","exp(rate:ω)"
"G16-17->G15-18","exp(rate:sqrt(2)×ω)"
"G16-17->G16-16","exp(rate:ω)"
"G16-17->G16-18","exp(rate:ω)"
"G16-17->G17-16","exp(rate:sqrt(2)×ω)"
"G16-17->G17-17","exp(rate:ω)"
"G16-17->G17-18","exp(rate:sqrt(2)×ω)"
"G16-18->G15-17","exp(rate:sqrt(2)×ω)"
"G16-18->G15-18","exp(rate:ω)"
"G16-18->G15-19","exp(rate:sqrt(2)×ω)"
"G16-18->G16-17","exp(rate:ω)"
"G16-18->G16-19","exp(rate:ω)"
"G16-18->G17-17","exp(rate:sqrt(2)×ω)"
"G16-18->G17-18","exp(rate:ω)"
"G16-18->G17-19","exp(rate:sqrt(2)×ω)"
"G16-19->G15-18","exp(rate:sqrt(2)×ω)"
"G16-19->G15-19","exp(rate:ω)"
"G16-19->G15-20","exp(rate:sqrt(2)×ω)"
"G16-19->G16-18","exp(rate:ω)"
"G16-19->G16-20","exp(rate:ω)"
"G16-19->G17-18","exp(rate:sqrt(2)×ω)"
"G16-19->G17-19","exp(rate:ω)"
"G16-19->G17-20","exp(rate:sqrt(2)×ω)"
"G16-20->G15-19","exp(rate:sqrt(2)×ω)"
"G16-20->G15-20","exp(rate:ω)"
"G16-20->G16-19","exp(rate:ω)"
"G16-20->G17-19","exp(rate:sqrt(2)×ω)"
"G16-20->G17-20","exp(rate:ω)"
"G17-1->G16-1","exp(rate:ω)"
"G17-1->G16-2","exp(rate:sqrt(2)×ω)"
"G17-1->G17-2","exp(rate:ω)"
"G17-1->G18-1","exp(rate:ω)"
"G17-1->G18-2","exp(rate:sqrt(2)×ω)"
"G17-2->G16-1","exp(rate:sqrt(2)×ω)"
"G17-2->G16-2","exp(rate:ω)"
"G17-2->G16-3","exp(rate:sqrt(2)×ω)"
"G17-2->G17-1","exp(rate:ω)"
"G17-2->G17-3","exp(rate:ω)"
"G17-2->G18-1","exp(rate:sqrt(2)×ω)"
"G17-2->G18-2","exp(rate:ω)"
"G17-2->G18-3","exp(rate:sqrt(2)×ω)"
"G17-3->G16-2","exp(rate:sqrt(2)×ω)"
"G17-3->G16-3","exp(rate:ω)"
"G17-3->G16-4","exp(rate:sqrt(2)×ω)"
"G17-3->G17-2","exp(rate:ω)"
"G17-3->G17-4","exp(rate:ω)"
"G17-3->G18-2","exp(rate:sqrt(2)×ω)"
"G17-3->G18-3","exp(rate:ω)"
"G17-3->G18-4","exp(rate:sqrt(2)×ω)"
"G17-4->G16-3","exp(rate:sqrt(2)×ω)"
"G17-4->G16-4","exp(rate:ω)"
"G17-4->G16-5","exp(rate:sqrt(2)×ω)"
"G17-4->G17-3","exp(rate:ω)"
"G17-4->G17-5","exp(rate:ω)"
"G17-4->G18-3","exp(rate:sqrt(2)×ω)"
"G17-4->G18-4","exp(rate:ω)"
"G17-4->G18-5","exp(rate:sqrt(2)×ω)"
"G17-5->G16-4","exp(rate:sqrt(2)×ω)"
"G17-5->G16-5","exp(rate:ω)"
"G17-5->G16-6","exp(rate:sqrt(2)×ω)"
"G17-5->G17-4","exp(rate:ω)"
"G17-5->G17-6","exp(rate:ω)"
"G17-5->G18-4","exp(rate:sqrt(2)×ω)"
"G17-5->G18-5","exp(rate:ω)"
"G17-5->G18-6","exp(rate:sqrt(2)×ω)"
"G17-6->G16-5","exp(rate:sqrt(2)×ω)"
"G17-6->G16-6","exp(rate:ω)"
"G17-6->G16-7","exp(rate:sqrt(2)×ω)"
"G17-6->G17-5","exp(rate:ω)"
"G17-6->G17-7","exp(rate:ω)"
"G17-6->G18-5","exp(rate:sqrt(2)×ω)"
"G17-6->G18-6","exp(rate:ω)"
"G17-6->G18-7","exp(rate:sqrt(2)×ω)"
"G17-7->G16-6","exp(rate:sqrt(2)×ω)"
"G17-7->G16-7","exp(rate:ω)"
"G17-7->G16-8","exp(rate:sqrt(2)×ω)"
"G17-7->G17-6","exp(rate:ω)"
"G17-7->G17-8","exp(rate:ω)"
"G17-7->G18-6","exp(rate:sqrt(2)×ω)"
"G17-7->G18-7","exp(rate:ω)"
"G17-7->G18-8","exp(rate:sqrt(2)×ω)"
"G17-8->G16-7","exp(rate:sqrt(2)×ω)"
"G17-8->G16-8","exp(rate:ω)"
"G17-8->G16-9","exp(rate:sqrt(2)×ω)"
"G17-8->G17-7","exp(rate:ω)"
"G17-8->G17-9","exp(rate:ω)"
"G17-8->G18-7","exp(rate:sqrt(2)×ω)"
"G17-8->G18-8","exp(rate:ω)"
"G17-8->G18-9","exp(rate:sqrt(2)×ω)"
"G17-9->G16-8","exp(rate:sqrt(2)×ω)"
"G17-9->G16-9","exp(rate:ω)"
"G17-9->G16-10","exp(rate:sqrt(2)×ω)"
"G17-9->G17-8","exp(rate:ω)"
"G17-9->G17-10","exp(rate:ω)"
"G17-9->G18-8","exp(rate:sqrt(2)×ω)"
"G17-9->G18-9","exp(rate:ω)"
"G17-9->G18-10","exp(rate:sqrt(2)×ω)"
"G17-10->G16-9","exp(rate:sqrt(2)×ω)"
"G17-10->G16-10","exp(rate:ω)"
"G17-10->G16-11","exp(rate:sqrt(2)×ω)"
"G17-10->G17-9","exp(rate:ω)"
"G17-10->G17-11","exp(rate:ω)"
"G17-10->G18-9","exp(rate:sqrt(2)×ω)"
"G17-10->G18-10","exp(rate:ω)"
"G17-10->G18-11","exp(rate:sqrt(2)×ω)"
"G17-11->G16-10","exp(rate:sqrt(2)×ω)"
"G17-11->G16-11","exp(rate:ω)"
"G17-11->G16-12","exp(rate:sqrt(2)×ω)"
"G17-11->G17-10","exp(rate:ω)"
"G17-11->G17-12","exp(rate:ω)"
"G17-11->G18-10","exp(rate:sqrt(2)×ω)"
"G17-11->G18-11","exp(rate:ω)"
"G17-11->G18-12","exp(rate:sqrt(2)×ω)"
"G17-12->G16-11","exp(rate:sqrt(2)×ω)"
"G17-12->G16-12","exp(rate:ω)"
"G17-12->G16-13","exp(rate:sqrt(2)×ω)"
"G17-12->G17-11","exp(rate:ω)"
"G17-12->G17-13","exp(rate:ω)"
"G17-12->G18-11","exp(rate:sqrt(2)×ω)"
"G17-12->G18-12","exp(rate:ω)"
"G17-12->G18-13","exp(rate:sqrt(2)×ω)"
"G17-13->G16-12","exp(rate:sqrt(2)×ω)"
"G17-13->G16-13","exp(rate:ω)"
"G17-13->G16-14","exp(rate:sqrt(2)×ω)"
"G17-13->G17-12","exp(rate:ω)"
"G17-13->G17-14","exp(rate:ω)"
"G17-13->G18-12","exp(rate:sqrt(2)×ω)"
"G17-13->G18-13","exp(rate:ω)"
"G17-13->G18-14","exp(rate:sqrt(2)×ω)"
"G17-14->G16-13","exp(rate:sqrt(2)×ω)"
"G17-14->G16-14","exp(rate:ω)"
"G17-14->G16-15","exp(rate:sqrt(2)×ω)"
"G17-14->G17-13","exp(rate:ω)"
"G17-14->G17-15","exp(rate:ω)"
"G17-14->G18-13","exp(rate:sqrt(2)×ω)"
"G17-14->G18-14","exp(rate:ω)"
"G17-14->G18-15","exp(rate:sqrt(2)×ω)"
"G17-15->G16-14","exp(rate:sqrt(2)×ω)"
"G17-15->G16-15","exp(rate:ω)"
"G17-15->G16-16","exp(rate:sqrt(2)×ω)"
"G17-15->G17-14","exp(rate:ω)"
"G17-15->G17-16","exp(rate:ω)"
"G17-15->G18-14","exp(rate:sqrt(2)×ω)"
"G17-15->G18-15","exp(rate:ω)"
"G17-15->G18-16","exp(rate:sqrt(2)×ω)"
"G17-16->G16-15","exp(rate:sqrt(2)×ω)"
"G17-16->G16-16","exp(rate:ω)"
"G17-16->G16-17","exp(rate:sqrt(2)×ω)"
"G17-16->G17-15","exp(rate:ω)"
"G17-16->G17-17","exp(rate:ω)"
"G17-16->G18-15","exp(rate:sqrt(2)×ω)"
"G17-16->G18-16","exp(rate:ω)"
"G17-16->G18-17","exp(rate:sqrt(2)×ω)"
"G17-17->G16-16","exp(rate:sqrt(2)×ω)"
"G17-17->G16-17","exp(rate:ω)"
"G17-17->G16-18","exp(rate:sqrt(2)×ω)"
"G17-17->G17-16","exp(rate:ω)"
"G17-17->G17-18","exp(rate:ω)"
"G17-17->G18-16","exp(rate:sqrt(2)×ω)"
"G17-17->G18-17","exp(rate:ω)"
"G17-17->G18-18","exp(rate:sqrt(2)×ω)"
"G17-18->G16-17","exp(rate:sqrt(2)×ω)"
"G17-18->G16-18","exp(rate:ω)"
"G17-18->G16-19","exp(rate:sqrt(2)×ω)"
"G17-18->G17-17","exp(rate:ω)"
"G17-18->G17-19","exp(rate:ω)"
"G17-18->G18-17","exp(rate:sqrt(2)×ω)"
"G17-18->G18-18","exp(rate:ω)"
"G17-18->G18-19","exp(rate:sqrt(2)×ω)"
"G17-19->G16-18","exp(rate:sqrt(2)×ω)"
"G17-19->G16-19","exp(rate:ω)"
"G17-19->G16-20","exp(rate:sqrt(2)×ω)"
"G17-19->G17-18","exp(rate:ω)"
"G17-19->G17-20","exp(rate:ω)"
"G17-19->G18-18","exp(rate:sqrt(2)×ω)"
"G17-19->G18-19","exp(rate:ω)"
"G17-19->G18-20","exp(rate:sqrt(2)×ω)"
"G17-20->G16-19","exp(rate:sqrt(2)×ω)"
"G17-20->G16-20","exp(rate:ω)"
"G17-20->G17-19","exp(rate:ω)"
"G17-20->G18-19","exp(rate:sqrt(2)×ω)"
"G17-20->G18-20","exp(rate:ω)"
"G18-1->G17-1","exp(rate:ω)"
"G18-1->G17-2","exp(rate:sqrt(2)×ω)"
"G18-1->G18-2","exp(rate:ω)"
"G18-1->G19-1","exp(rate:ω)"
"G18-1->G19-2","exp(rate:sqrt(2)×ω)"
"G18-2->G17-1","exp(rate:sqrt(2)×ω)"
"G18-2->G17-2","exp(rate:ω)"
"G18-2->G17-3","exp(rate:sqrt(2)×ω)"
"G18-2->G18-1","exp(rate:ω)"
"G18-2->G18-3","exp(rate:ω)"
"G18-2->G19-1","exp(rate:sqrt(2)×ω)"
"G18-2->G19-2","exp(rate:ω)"
"G18-2->G19-3","exp(rate:sqrt(2)×ω)"
"G18-3->G17-2","exp(rate:sqrt(2)×ω)"
"G18-3->G17-3","exp(rate:ω)"
"G18-3->G17-4","exp(rate:sqrt(2)×ω)"
"G18-3->G18-2","exp(rate:ω)"
"G18-3->G18-4","exp(rate:ω)"
"G18-3->G19-2","exp(rate:sqrt(2)×ω)"
"G18-3->G19-3","exp(rate:ω)"
"G18-3->G19-4","exp(rate:sqrt(2)×ω)"
"G18-4->G17-3","exp(rate:sqrt(2)×ω)"
"G18-4->G17-4","exp(rate:ω)"
"G18-4->G17-5","exp(rate:sqrt(2)×ω)"
"G18-4->G18-3","exp(rate:ω)"
"G18-4->G18-5","exp(rate:ω)"
"G18-4->G19-3","exp(rate:sqrt(2)×ω)"
"G18-4->G19-4","exp(rate:ω)"
"G18-4->G19-5","exp(rate:sqrt(2)×ω)"
"G18-5->G17-4","exp(rate:sqrt(2)×ω)"
"G18-5->G17-5","exp(rate:ω)"
"G18-5->G17-6","exp(rate:sqrt(2)×ω)"
"G18-5->G18-4","exp(rate:ω)"
"G18-5->G18-6","exp(rate:ω)"
"G18-5->G19-4","exp(rate:sqrt(2)×ω)"
"G18-5->G19-5","exp(rate:ω)"
"G18-5->G19-6","exp(rate:sqrt(2)×ω)"
"G18-6->G17-5","exp(rate:sqrt(2)×ω)"
"G18-6->G17-6","exp(rate:ω)"
"G18-6->G17-7","exp(rate:sqrt(2)×ω)"
"G18-6->G18-5","exp(rate:ω)"
"G18-6->G18-7","exp(rate:ω)"
"G18-6->G19-5","exp(rate:sqrt(2)×ω)"
"G18-6->G19-6","exp(rate:ω)"
"G18-6->G19-7","exp(rate:sqrt(2)×ω)"
"G18-7->G17-6","exp(rate:sqrt(2)×ω)"
"G18-7->G17-7","exp(rate:ω)"
"G18-7->G17-8","exp(rate:sqrt(2)×ω)"
"G18-7->G18-6","exp(rate:ω)"
"G18-7->G18-8","exp(rate:ω)"
"G18-7->G19-6","exp(rate:sqrt(2)×ω)"
"G18-7->G19-7","exp(rate:ω)"
"G18-7->G19-8","exp(rate:sqrt(2)×ω)"
"G18-8->G17-7","exp(rate:sqrt(2)×ω)"
"G18-8->G17-8","exp(rate:ω)"
"G18-8->G17-9","exp(rate:sqrt(2)×ω)"
"G18-8->G18-7","exp(rate:ω)"
"G18-8->G18-9","exp(rate:ω)"
"G18-8->G19-7","exp(rate:sqrt(2)×ω)"
"G18-8->G19-8","exp(rate:ω)"
"G18-8->G19-9","exp(rate:sqrt(2)×ω)"
"G18-9->G17-8","exp(rate:sqrt(2)×ω)"
"G18-9->G17-9","exp(rate:ω)"
"G18-9->G17-10","exp(rate:sqrt(2)×ω)"
"G18-9->G18-8","exp(rate:ω)"
"G18-9->G18-10","exp(rate:ω)"
"G18-9->G19-8","exp(rate:sqrt(2)×ω)"
"G18-9->G19-9","exp(rate:ω)"
"G18-9->G19-10","exp(rate:sqrt(2)×ω)"
"G18-10->G17-9","exp(rate:sqrt(2)×ω)"
"G18-10->G17-10","exp(rate:ω)"
"G18-10->G17-11","exp(rate:sqrt(2)×ω)"
"G18-10->G18-9","exp(rate:ω)"
"G18-10->G18-11","exp(rate:ω)"
"G18-10->G19-9","exp(rate:sqrt(2)×ω)"
"G18-10->G19-10","exp(rate:ω)"
"G18-10->G19-11","exp(rate:sqrt(2)×ω)"
"G18-11->G17-10","exp(rate:sqrt(2)×ω)"
"G18-11->G17-11","exp(rate:ω)"
"G18-11->G17-12","exp(rate:sqrt(2)×ω)"
"G18-11->G18-10","exp(rate:ω)"
"G18-11->G18-12","exp(rate:ω)"
"G18-11->G19-10","exp(rate:sqrt(2)×ω)"
"G18-11->G19-11","exp(rate:ω)"
"G18-11->G19-12","exp(rate:sqrt(2)×ω)"
"G18-12->G17-11","exp(rate:sqrt(2)×ω)"
"G18-12->G17-12","exp(rate:ω)"
"G18-12->G17-13","exp(rate:sqrt(2)×ω)"
"G18-12->G18-11","exp(rate:ω)"
"G18-12->G18-13","exp(rate:ω)"
"G18-12->G19-11","exp(rate:sqrt(2)×ω)"
"G18-12->G19-12","exp(rate:ω)"
"G18-12->G19-13","exp(rate:sqrt(2)×ω)"
"G18-13->G17-12","exp(rate:sqrt(2)×ω)"
"G18-13->G17-13","exp(rate:ω)"
"G18-13->G17-14","exp(rate:sqrt(2)×ω)"
"G18-13->G18-12","exp(rate:ω)"
"G18-13->G18-14","exp(rate:ω)"
"G18-13->G19-12","exp(rate:sqrt(2)×ω)"
"G18-13->G19-13","exp(rate:ω)"
"G18-13->G19-14","exp(rate:sqrt(2)×ω)"
"G18-14->G17-13","exp(rate:sqrt(2)×ω)"
"G18-14->G17-14","exp(rate:ω)"
"G18-14->G17-15","exp(rate:sqrt(2)×ω)"
"G18-14->G18-13","exp(rate:ω)"
"G18-14->G18-15","exp(rate:ω)"
"G18-14->G19-13","exp(rate:sqrt(2)×ω)"
"G18-14->G19-14","exp(rate:ω)"
"G18-14->G19-15","exp(rate:sqrt(2)×ω)"
"G18-15->G17-14","exp(rate:sqrt(2)×ω)"
"G18-15->G17-15","exp(rate:ω)"
"G18-15->G17-16","exp(rate:sqrt(2)×ω)"
"G18-15->G18-14","exp(rate:ω)"
"G18-15->G18-16","exp(rate:ω)"
"G18-15->G19-14","exp(rate:sqrt(2)×ω)"
"G18-15->G19-15","exp(rate:ω)"
"G18-15->G19-16","exp(rate:sqrt(2)×ω)"
"G18-16->G17-15","exp(rate:sqrt(2)×ω)"
"G18-16->G17-16","exp(rate:ω)"
"G18-16->G17-17","exp(rate:sqrt(2)×ω)"
"G18-16->G18-15","exp(rate:ω)"
"G18-16->G18-17","exp(rate:ω)"
"G18-16->G19-15","exp(rate:sqrt(2)×ω)"
"G18-16->G19-16","exp(rate:ω)"
"G18-16->G19-17","exp(rate:sqrt(2)×ω)"
"G18-17->G17-16","exp(rate:sqrt(2)×ω)"
"G18-17->G17-17","exp(rate:ω)"
"G18-17->G17-18","exp(rate:sqrt(2)×ω)"
"G18-17->G18-16","exp(rate:ω)"
"G18-17->G18-18","exp(rate:ω)"
"G18-17->G19-16","exp(rate:sqrt(2)×ω)"
"G18-17->G19-17","exp(rate:ω)"
"G18-17->G19-18","exp(rate:sqrt(2)×ω)"
"G18-18->G17-17","exp(rate:sqrt(2)×ω)"
"G18-18->G17-18","exp(rate:ω)"
"G18-18->G17-19","exp(rate:sqrt(2)×ω)"
"G18-18->G18-17","exp(rate:ω)"
"G18-18->G18-19","exp(rate:ω)"
"G18-18->G19-17","exp(rate:sqrt(2)×ω)"
"G18-18->G19-18","exp(rate:ω)"
"G18-18->G19-19","exp(rate:sqrt(2)×ω)"
"G18-19->G17-18","exp(rate:sqrt(2)×ω)"
"G18-19->G17-19","exp(rate:ω)"
"G18-19->G17-20","exp(rate:sqrt(2)×ω)"
"G18-19->G18-18","exp(rate:ω)"
"G18-19->G18-20","exp(rate:ω)"
"G18-19->G19-18","exp(rate:sqrt(2)×ω)"
"G18-19->G19-19","exp(rate:ω)"
"G18-19->G19-20","exp(rate:sqrt(2)×ω)"
"G18-20->G17-19","exp(rate:sqrt(2)×ω)"
"G18-20->G17-20","exp(rate:ω)"
"G18-20->G18-19","exp(rate:ω)"
"G18-20->G19-19","exp(rate:sqrt(2)×ω)"
"G18-20->G19-20","exp(rate:ω)"
"G19-1->G18-1","exp(rate:ω)"
"G19-1->G18-2","exp(rate:sqrt(2)×ω)"
"G19-1->G19-2","exp(rate:ω)"
"G19-1->G20-1","exp(rate:ω)"
"G19-1->G20-2","exp(rate:sqrt(2)×ω)"
"G19-2->G18-1","exp(rate:sqrt(2)×ω)"
"G19-2->G18-2","exp(rate:ω)"
"G19-2->G18-3","exp(rate:sqrt(2)×ω)"
"G19-2->G19-1","exp(rate:ω)"
"G19-2->G19-3","exp(rate:ω)"
"G19-2->G20-1","exp(rate:sqrt(2)×ω)"
"G19-2->G20-2","exp(rate:ω)"
"G19-2->G20-3","exp(rate:sqrt(2)×ω)"
"G19-3->G18-2","exp(rate:sqrt(2)×ω)"
"G19-3->G18-3","exp(rate:ω)"
"G19-3->G18-4","exp(rate:sqrt(2)×ω)"
"G19-3->G19-2","exp(rate:ω)"
"G19-3->G19-4","exp(rate:ω)"
"G19-3->G20-2","exp(rate:sqrt(2)×ω)"
"G19-3->G20-3","exp(rate:ω)"
"G19-3->G20-4","exp(rate:sqrt(2)×ω)"
"G19-4->G18-3","exp(rate:sqrt(2)×ω)"
"G19-4->G18-4","exp(rate:ω)"
"G19-4->G18-5","exp(rate:sqrt(2)×ω)"
"G19-4->G19-3","exp(rate:ω)"
"G19-4->G19-5","exp(rate:ω)"
"G19-4->G20-3","exp(rate:sqrt(2)×ω)"
"G19-4->G20-4","exp(rate:ω)"
"G19-4->G20-5","exp(rate:sqrt(2)×ω)"
"G19-5->G18-4","exp(rate:sqrt(2)×ω)"
"G19-5->G18-5","exp(rate:ω)"
"G19-5->G18-6","exp(rate:sqrt(2)×ω)"
"G19-5->G19-4","exp(rate:ω)"
"G19-5->G19-6","exp(rate:ω)"
"G19-5->G20-4","exp(rate:sqrt(2)×ω)"
"G19-5->G20-5","exp(rate:ω)"
"G19-5->G20-6","exp(rate:sqrt(2)×ω)"
"G19-6->G18-5","exp(rate:sqrt(2)×ω)"
"G19-6->G18-6","exp(rate:ω)"
"G19-6->G18-7","exp(rate:sqrt(2)×ω)"
"G19-6->G19-5","exp(rate:ω)"
"G19-6->G19-7","exp(rate:ω)"
"G19-6->G20-5","exp(rate:sqrt(2)×ω)"
"G19-6->G20-6","exp(rate:ω)"
"G19-6->G20-7","exp(rate:sqrt(2)×ω)"
"G19-7->G18-6","exp(rate:sqrt(2)×ω)"
"G19-7->G18-7","exp(rate:ω)"
"G19-7->G18-8","exp(rate:sqrt(2)×ω)"
"G19-7->G19-6","exp(rate:ω)"
"G19-7->G19-8","exp(rate:ω)"
"G19-7->G20-6","exp(rate:sqrt(2)×ω)"
"G19-7->G20-7","exp(rate:ω)"
"G19-7->G20-8","exp(rate:sqrt(2)×ω)"
"G19-8->G18-7","exp(rate:sqrt(2)×ω)"
"G19-8->G18-8","exp(rate:ω)"
"G19-8->G18-9","exp(rate:sqrt(2)×ω)"
"G19-8->G19-7","exp(rate:ω)"
"G19-8->G19-9","exp(rate:ω)"
"G19-8->G20-7","exp(rate:sqrt(2)×ω)"
"G19-8->G20-8","exp(rate:ω)"
"G19-8->G20-9","exp(rate:sqrt(2)×ω)"
"G19-9->G18-8","exp(rate:sqrt(2)×ω)"
"G19-9->G18-9","exp(rate:ω)"
"G19-9->G18-10","exp(rate:sqrt(2)×ω)"
"G19-9->G19-8","exp(rate:ω)"
"G19-9->G19-10","exp(rate:ω)"
"G19-9->G20-8","exp(rate:sqrt(2)×ω)"
"G19-9->G20-9","exp(rate:ω)"
"G19-9->G20-10","exp(rate:sqrt(2)×ω)"
"G19-10->G18-9","exp(rate:sqrt(2)×ω)"
"G19-10->G18-10","exp(rate:ω)"
"G19-10->G18-11","exp(rate:sqrt(2)×ω)"
"G19-10->G19-9","exp(rate:ω)"
"G19-10->G19-11","exp(rate:ω)"
"G19-10->G20-9","exp(rate:sqrt(2)×ω)"
"G19-10->G20-10","exp(rate:ω)"
"G19-10->G20-11","exp(rate:sqrt(2)×ω)"
"G19-11->G18-10","exp(rate:sqrt(2)×ω)"
"G19-11->G18-11","exp(rate:ω)"
"G19-11->G18-12","exp(rate:sqrt(2)×ω)"
"G19-11->G19-10","exp(rate:ω)"
"G19-11->G19-12","exp(rate:ω)"
"G19-11->G20-10","exp(rate:sqrt(2)×ω)"
"G19-11->G20-11","exp(rate:ω)"
"G19-11->G20-12","exp(rate:sqrt(2)×ω)"
"G19-12->G18-11","exp(rate:sqrt(2)×ω)"
"G19-12->G18-12","exp(rate:ω)"
"G19-12->G18-13","exp(rate:sqrt(2)×ω)"
"G19-12->G19-11","exp(rate:ω)"
"G19-12->G19-13","exp(rate:ω)"
"G19-12->G20-11","exp(rate:sqrt(2)×ω)"
"G19-12->G20-12","exp(rate:ω)"
"G19-12->G20-13","exp(rate:sqrt(2)×ω)"
"G19-13->G18-12","exp(rate:sqrt(2)×ω)"
"G19-13->G18-13","exp(rate:ω)"
"G19-13->G18-14","exp(rate:sqrt(2)×ω)"
"G19-13->G19-12","exp(rate:ω)"
"G19-13->G19-14","exp(rate:ω)"
"G19-13->G20-12","exp(rate:sqrt(2)×ω)"
"G19-13->G20-13","exp(rate:ω)"
"G19-13->G20-14","exp(rate:sqrt(2)×ω)"
"G19-14->G18-13","exp(rate:sqrt(2)×ω)"
"G19-14->G18-14","exp(rate:ω)"
"G19-14->G18-15","exp(rate:sqrt(2)×ω)"
"G19-14->G19-13","exp(rate:ω)"
"G19-14->G19-15","exp(rate:ω)"
"G19-14->G20-13","exp(rate:sqrt(2)×ω)"
"G19-14->G20-14","exp(rate:ω)"
"G19-14->G20-15","exp(rate:sqrt(2)×ω)"
"G19-15->G18-14","exp(rate:sqrt(2)×ω)"
"G19-15->G18-15","exp(rate:ω)"
"G19-15->G18-16","exp(rate:sqrt(2)×ω)"
"G19-15->G19-14","exp(rate:ω)"
"G19-15->G19-16","exp(rate:ω)"
"G19-15->G20-14","exp(rate:sqrt(2)×ω)"
"G19-15->G20-15","exp(rate:ω)"
"G19-15->G20-16","exp(rate:sqrt(2)×ω)"
"G19-16->G18-15","exp(rate:sqrt(2)×ω)"
"G19-16->G18-16","exp(rate:ω)"
"G19-16->G18-17","exp(rate:sqrt(2)×ω)"
"G19-16->G19-15","exp(rate:ω)"
"G19-16->G19-17","exp(rate:ω)"
"G19-16->G20-15","exp(rate:sqrt(2)×ω)"
"G19-16->G20-16","exp(rate:ω)"
"G19-16->G20-17","exp(rate:sqrt(2)×ω)"
"G19-17->G18-16","exp(rate:sqrt(2)×ω)"
"G19-17->G18-17","exp(rate:ω)"
"G19-17->G18-18","exp(rate:sqrt(2)×ω)"
"G19-17->G19-16","exp(rate:ω)"
"G19-17->G19-18","exp(rate:ω)"
"G19-17->G20-16","exp(rate:sqrt(2)×ω)"
"G19-17->G20-17","exp(rate:ω)"
"G19-17->G20-18","exp(rate:sqrt(2)×ω)"
"G19-18->G18-17","exp(rate:sqrt(2)×ω)"
"G19-18->G18-18","exp(rate:ω)"
"G19-18->G18-19","exp(rate:sqrt(2)×ω)"
"G19-18->G19-17","exp(rate:ω)"
"G19-18->G19-19","exp(rate:ω)"
"G19-18->G20-17","exp(rate:sqrt(2)×ω)"
"G19-18->G20-18","exp(rate:ω)"
"G19-18->G20-19","exp(rate:sqrt(2)×ω)"
"G19-19->G18-18","exp(rate:sqrt(2)×ω)"
"G19-19->G18-19","exp(rate:ω)"
"G19-19->G18-20","exp(rate:sqrt(2)×ω)"
"G19-19->G19-18","exp(rate:ω)"
"G19-19->G19-20","exp(rate:ω)"
"G19-19->G20-18","exp(rate:sqrt(2)×ω)"
"G19-19->G20-19","exp(rate:ω)"
"G19-19->G20-20","exp(rate:sqrt(2)×ω)"
"G19-20->G18-19","exp(rate:sqrt(2)×ω)"
"G19-20->G18-20","exp(rate:ω)"
"G19-20->G19-19","exp(rate:ω)"
"G19-20->G20-19","exp(rate:sqrt(2)×ω)"
"G19-20->G20-20","exp(rate:ω)"
"G20-1->G19-1","exp(rate:ω)"
"G20-1->G19-2","exp(rate:sqrt(2)×ω)"
"G20-1->G20-2","exp(rate:ω)"
"G20-2->G19-1","exp(rate:sqrt(2)×ω)"
"G20-2->G19-2","exp(rate:ω)"
"G20-2->G19-3","exp(rate:sqrt(2)×ω)"
"G20-2->G20-1","exp(rate:ω)"
"G20-2->G20-3","exp(rate:ω)"
"G20-3->G19-2","exp(rate:sqrt(2)×ω)"
"G20-3->G19-3","exp(rate:ω)"
"G20-3->G19-4","exp(rate:sqrt(2)×ω)"
"G20-3->G20-2","exp(rate:ω)"
"G20-3->G20-4","exp(rate:ω)"
"G20-4->G19-3","exp(rate:sqrt(2)×ω)"
"G20-4->G19-4","exp(rate:ω)"
"G20-4->G19-5","exp(rate:sqrt(2)×ω)"
"G20-4->G20-3","exp(rate:ω)"
"G20-4->G20-5","exp(rate:ω)"
"G20-5->G19-4","exp(rate:sqrt(2)×ω)"
"G20-5->G19-5","exp(rate:ω)"
"G20-5->G19-6","exp(rate:sqrt(2)×ω)"
"G20-5->G20-4","exp(rate:ω)"
"G20-5->G20-6","exp(rate:ω)"
"G20-6->G19-5","exp(rate:sqrt(2)×ω)"
"G20-6->G19-6","exp(rate:ω)"
"G20-6->G19-7","exp(rate:sqrt(2)×ω)"
"G20-6->G20-5","exp(rate:ω)"
"G20-6->G20-7","exp(rate:ω)"
"G20-7->G19-6","exp(rate:sqrt(2)×ω)"
"G20-7->G19-7","exp(rate:ω)"
"G20-7->G19-8","exp(rate:sqrt(2)×ω)"
"G20-7->G20-6","exp(rate:ω)"
"G20-7->G20-8","exp(rate:ω)"
"G20-8->G19-7","exp(rate:sqrt(2)×ω)"
"G20-8->G19-8","exp(rate:ω)"
"G20-8->G19-9","exp(rate:sqrt(2)×ω)"
"G20-8->G20-7","exp(rate:ω)"
"G20-8->G20-9","exp(rate:ω)"
"G20-9->G19-8","exp(rate:sqrt(2)×ω)"
"G20-9->G19-9","exp(rate:ω)"
"G20-9->G19-10","exp(rate:sqrt(2)×ω)"
"G20-9->G20-8","exp(rate:ω)"
"G20-9->G20-10","exp(rate:ω)"
"G20-10->G19-9","exp(rate:sqrt(2)×ω)"
"G20-10->G19-10","exp(rate:ω)"
"G20-10->G19-11","exp(rate:sqrt(2)×ω)"
"G20-10->G20-9","exp(rate:ω)"
"G20-10->G20-11","exp(rate:ω)"
"G20-11->G19-10","exp(rate:sqrt(2)×ω)"
"G20-11->G19-11","exp(rate:ω)"
"G20-11->G19-12","exp(rate:sqrt(2)×ω)"
"G20-11->G20-10","exp(rate:ω)"
"G20-11->G20-12","exp(rate:ω)"
"G20-12->G19-11","exp(rate:sqrt(2)×ω)"
"G20-12->G19-12","exp(rate:ω)"
"G20-12->G19-13","exp(rate:sqrt(2)×ω)"
"G20-12->G20-11","exp(rate:ω)"
"G20-12->G20-13","exp(rate:ω)"
"G20-13->G19-12","exp(rate:sqrt(2)×ω)"
"G20-13->G19-13","exp(rate:ω)"
"G20-13->G19-14","exp(rate:sqrt(2)×ω)"
"G20-13->G20-12","exp(rate:ω)"
"G20-13->G20-14","exp(rate:ω)"
"G20-14->G19-13","exp(rate:sqrt(2)×ω)"
"G20-14->G19-14","exp(rate:ω)"
"G20-14->G19-15","exp(rate:sqrt(2)×ω)"
"G20-14->G20-13","exp(rate:ω)"
"G20-14->G20-15","exp(rate:ω)"
"G20-15->G19-14","exp(rate:sqrt(2)×ω)"
"G20-15->G19-15","exp(rate:ω)"
"G20-15->G19-16","exp(rate:sqrt(2)×ω)"
"G20-15->G20-14","exp(rate:ω)"
"G20-15->G20-16","exp(rate:ω)"
"G20-16->G19-15","exp(rate:sqrt(2)×ω)"
"G20-16->G19-16","exp(rate:ω)"
"G20-16->G19-17","exp(rate:sqrt(2)×ω)"
"G20-16->G20-15","exp(rate:ω)"
"G20-16->G20-17","exp(rate:ω)"
"G20-17->G19-16","exp(rate:sqrt(2)×ω)"
"G20-17->G19-17","exp(rate:ω)"
"G20-17->G19-18","exp(rate:sqrt(2)×ω)"
"G20-17->G20-16","exp(rate:ω)"
"G20-17->G20-18","exp(rate:ω)"
"G20-18->G19-17","exp(rate:sqrt(2)×ω)"
"G20-18->G19-18","exp(rate:ω)"
"G20-18->G19-19","exp(rate:sqrt(2)×ω)"
"G20-18->G20-17","exp(rate:ω)"
"G20-18->G20-19","exp(rate:ω)"
"G20-19->G19-18","exp(rate:sqrt(2)×ω)"
"G20-19->G19-19","exp(rate:ω)"
"G20-19->G19-20","exp(rate:sqrt(2)×ω)"
"G20-19->G20-18","exp(rate:ω)"
"G20-19->G20-20","exp(rate:ω)"
"G20-20->G19-19","exp(rate:sqrt(2)×ω)"
"G20-20->G19-20","exp(rate:ω)"
"G20-20->G20-19","exp(rate:ω)"
